Date,SPY
2000-11-30,11201600
2000-12-01,7587200
2000-12-04,6996600
2000-12-05,8883400
2000-12-06,12888000
2000-12-07,6529100
2000-12-08,10276300
2000-12-11,6405600
2000-12-12,5022900
2000-12-13,6070500
2000-12-14,7678400
2000-12-15,9065300
2000-12-18,7235400
2000-12-19,9616600
2000-12-20,9994300
2000-12-21,14331500
2000-12-22,10182900
2000-12-26,4665300
2000-12-27,4854100
2000-12-28,8358700
2000-12-29,8774600
2001-01-02,8737500
2001-01-03,19431600
2001-01-04,9219000
2001-01-05,12911400
2001-01-08,6625300
2001-01-09,5702400
2001-01-10,8746100
2001-01-11,7245100
2001-01-12,7244000
2001-01-16,8542200
2001-01-17,7851400
2001-01-18,8107000
2001-01-19,7782500
2001-01-22,7050900
2001-01-23,8463100
2001-01-24,6199900
2001-01-25,10818300
2001-01-26,7136800
2001-01-29,6705900
2001-01-30,7069100
2001-01-31,9706900
2001-02-01,8239100
2001-02-02,8276600
2001-02-05,4352900
2001-02-06,7106700
2001-02-07,5748700
2001-02-08,5943300
2001-02-09,9913000
2001-02-12,5804400
2001-02-13,6587600
2001-02-14,8400100
2001-02-15,5929800
2001-02-16,6434900
2001-02-20,5760000
2001-02-21,10910800
2001-02-22,21281600
2001-02-23,20173000
2001-02-26,11503700
2001-02-27,11415000
2001-02-28,14825800
2001-03-01,14672000
2001-03-02,12564300
2001-03-05,5293200
2001-03-06,6917000
2001-03-07,6371700
2001-03-08,6055000
2001-03-09,10020300
2001-03-12,13972900
2001-03-13,12888000
2001-03-14,19883400
2001-03-15,10370300
2001-03-16,58514600
2001-03-19,10067800
2001-03-20,15083900
2001-03-21,19004600
2001-03-22,28624800
2001-03-23,12861700
2001-03-26,9943800
2001-03-27,12880700
2001-03-28,10953300
2001-03-29,12060300
2001-03-30,9183600
2001-04-02,10561000
2001-04-03,12836000
2001-04-04,14884300
2001-04-05,21522800
2001-04-06,14937800
2001-04-09,9034300
2001-04-10,17873600
2001-04-11,12722300
2001-04-12,9233200
2001-04-16,7350000
2001-04-17,10924700
2001-04-18,32481600
2001-04-19,13809900
2001-04-20,7626700
2001-04-23,8451800
2001-04-24,10044700
2001-04-25,8249000
2001-04-26,10590400
2001-04-27,7938700
2001-04-30,10766900
2001-05-01,10578000
2001-05-02,9572900
2001-05-03,9926200
2001-05-04,12145300
2001-05-07,7185200
2001-05-08,6952600
2001-05-09,9507400
2001-05-10,6872400
2001-05-11,7734400
2001-05-14,7914000
2001-05-15,9782200
2001-05-16,14909000
2001-05-17,11824600
2001-05-18,6683100
2001-05-21,11531500
2001-05-22,8342700
2001-05-23,12330800
2001-05-24,7902800
2001-05-25,7425000
2001-05-29,9003900
2001-05-30,10041800
2001-05-31,9874200
2001-06-01,8848300
2001-06-04,5623500
2001-06-05,9115400
2001-06-06,12064900
2001-06-07,7355300
2001-06-08,8170600
2001-06-11,7012200
2001-06-12,9364400
2001-06-13,7629400
2001-06-14,12603000
2001-06-15,16821100
2001-06-18,11368300
2001-06-19,7732300
2001-06-20,8787200
2001-06-21,12259100
2001-06-22,12212000
2001-06-25,8406800
2001-06-26,8005800
2001-06-27,10105100
2001-06-28,10269300
2001-06-29,9824200
2001-07-02,8522200
2001-07-03,3303100
2001-07-05,5517900
2001-07-06,11665900
2001-07-09,8339300
2001-07-10,8630700
2001-07-11,15328600
2001-07-12,12002800
2001-07-13,10433800
2001-07-16,6915300
2001-07-17,7469800
2001-07-18,7709300
2001-07-19,10082900
2001-07-20,6705800
2001-07-23,8065200
2001-07-24,12269000
2001-07-25,12088500
2001-07-26,12898200
2001-07-27,8478800
2001-07-30,8547700
2001-07-31,11918100
2001-08-01,11940800
2001-08-02,11070100
2001-08-03,10816300
2001-08-06,8550100
2001-08-07,8865100
2001-08-08,15183800
2001-08-09,14118500
2001-08-10,11173300
2001-08-13,7431600
2001-08-14,13178100
2001-08-15,8520600
2001-08-16,10734700
2001-08-17,11604600
2001-08-20,10417400
2001-08-21,14480800
2001-08-22,11752300
2001-08-23,8744100
2001-08-24,11687700
2001-08-27,7425100
2001-08-28,12046600
2001-08-29,16180000
2001-08-30,17692600
2001-08-31,15985400
2001-09-04,24473400
2001-09-05,21477100
2001-09-06,21653000
2001-09-07,33133900
2001-09-10,23408700
2001-09-17,32388700
2001-09-18,22029200
2001-09-19,42771800
2001-09-20,36210900
2001-09-21,49782100
2001-09-24,25549600
2001-09-25,25466200
2001-09-26,18587500
2001-09-27,20536800
2001-09-28,21687200
2001-10-01,20457400
2001-10-02,19833100
2001-10-03,32045800
2001-10-04,32674100
2001-10-05,29796100
2001-10-08,12970300
2001-10-09,15976300
2001-10-10,19987400
2001-10-11,23006300
2001-10-12,31360500
2001-10-15,16873000
2001-10-16,15877100
2001-10-17,28542300
2001-10-18,16510000
2001-10-19,21912500
2001-10-22,17540600
2001-10-23,22062500
2001-10-24,16065200
2001-10-25,27467900
2001-10-26,18623300
2001-10-29,18727500
2001-10-30,26178600
2001-10-31,28124200
2001-11-01,29806800
2001-11-02,17575900
2001-11-05,15929500
2001-11-06,23245800
2001-11-07,19716000
2001-11-08,22563500
2001-11-09,15895800
2001-11-12,26068800
2001-11-13,15296200
2001-11-14,17571300
2001-11-15,19470200
2001-11-16,18134900
2001-11-19,13625400
2001-11-20,16209700
2001-11-21,11470200
2001-11-23,6717100
2001-11-26,13726000
2001-11-27,19261400
2001-11-28,20195500
2001-11-29,16354700
2001-11-30,13680300
2001-12-03,15220400
2001-12-04,17239900
2001-12-05,25204000
2001-12-06,17972900
2001-12-07,18857800
2001-12-10,13862700
2001-12-11,20833300
2001-12-12,16171500
2001-12-13,19026700
2001-12-14,16721900
2001-12-17,13925900
2001-12-18,13663700
2001-12-19,20143400
2001-12-20,14867900
2001-12-21,14037700
2001-12-24,5728800
2001-12-26,10304800
2001-12-27,9407300
2001-12-28,10593800
2001-12-31,14619500
2002-01-02,18651900
2002-01-03,15743000
2002-01-04,20140700
2002-01-07,13106500
2002-01-08,12683700
2002-01-09,16610300
2002-01-10,12823400
2002-01-11,13708400
2002-01-14,12301100
2002-01-15,20219900
2002-01-16,17067000
2002-01-17,17283400
2002-01-18,17028000
2002-01-22,11689300
2002-01-23,12438900
2002-01-24,12142800
2002-01-25,12810700
2002-01-28,10589200
2002-01-29,27720800
2002-01-30,34711800
2002-01-31,19909200
2002-02-01,15838500
2002-02-04,24243400
2002-02-05,33614000
2002-02-06,29486000
2002-02-07,23445400
2002-02-08,19277800
2002-02-11,18792400
2002-02-12,13942500
2002-02-13,16781100
2002-02-14,20453800
2002-02-15,18366800
2002-02-19,15988100
2002-02-20,29242800
2002-02-21,26288600
2002-02-22,26572900
2002-02-25,17458700
2002-02-26,22346500
2002-02-27,28597900
2002-02-28,23755400
2002-03-01,26273600
2002-03-04,27184600
2002-03-05,22718900
2002-03-06,20143200
2002-03-07,19330800
2002-03-08,19930100
2002-03-11,15621800
2002-03-12,17153600
2002-03-13,17175300
2002-03-14,11168100
2002-03-15,21220100
2002-03-18,17548900
2002-03-19,17912000
2002-03-20,17114500
2002-03-21,25846800
2002-03-22,15235400
2002-03-25,17499600
2002-03-26,19947600
2002-03-27,19020300
2002-03-28,17532900
2002-04-01,17711000
2002-04-02,15669500
2002-04-03,25658500
2002-04-04,23549000
2002-04-05,19404900
2002-04-08,16470100
2002-04-09,15122700
2002-04-10,17199300
2002-04-11,25453700
2002-04-12,14950600
2002-04-15,17394900
2002-04-16,15040900
2002-04-17,12920100
2002-04-18,25204800
2002-04-19,10499200
2002-04-22,13922900
2002-04-23,16967000
2002-04-24,18902700
2002-04-25,25451500
2002-04-26,19769800
2002-04-29,17724400
2002-04-30,19473500
2002-05-01,24575600
2002-05-02,15666800
2002-05-03,18185500
2002-05-06,23630400
2002-05-07,21910000
2002-05-08,27917400
2002-05-09,18085600
2002-05-10,18958900
2002-05-13,14677700
2002-05-14,34201200
2002-05-15,29535300
2002-05-16,28092000
2002-05-17,27823700
2002-05-20,13833800
2002-05-21,16877200
2002-05-22,15844200
2002-05-23,13879800
2002-05-24,11877000
2002-05-28,24236900
2002-05-29,14773300
2002-05-30,18217900
2002-05-31,19826300
2002-06-03,26056300
2002-06-04,25856200
2002-06-05,19695900
2002-06-06,22998500
2002-06-07,24011600
2002-06-10,18759900
2002-06-11,19990700
2002-06-12,31266000
2002-06-13,21043900
2002-06-14,39267500
2002-06-17,17647200
2002-06-18,21628500
2002-06-19,21540700
2002-06-20,25691000
2002-06-21,31190700
2002-06-24,37169700
2002-06-25,33355000
2002-06-26,37913600
2002-06-27,31616400
2002-06-28,28184200
2002-07-01,20270200
2002-07-02,34213900
2002-07-03,30565800
2002-07-05,19013500
2002-07-08,19118600
2002-07-09,28620400
2002-07-10,50522500
2002-07-11,59476500
2002-07-12,39018600
2002-07-15,77317200
2002-07-16,53282400
2002-07-17,48880600
2002-07-18,32656700
2002-07-19,77572600
2002-07-22,78134000
2002-07-23,74484100
2002-07-24,107022800
2002-07-25,87176600
2002-07-26,41206800
2002-07-29,53492900
2002-07-30,47532200
2002-07-31,44669900
2002-08-01,66571900
2002-08-02,51772900
2002-08-05,47191300
2002-08-06,64730000
2002-08-07,43289400
2002-08-08,48339800
2002-08-09,41879200
2002-08-12,25841700
2002-08-13,49690500
2002-08-14,57423600
2002-08-15,45551500
2002-08-16,36517300
2002-08-19,33669900
2002-08-20,30508300
2002-08-21,39628900
2002-08-22,38399800
2002-08-23,33716400
2002-08-26,33830100
2002-08-27,35335700
2002-08-28,38970600
2002-08-29,42965700
2002-08-30,30366700
2002-09-03,76586400
2002-09-04,51099500
2002-09-05,67250900
2002-09-06,38622200
2002-09-09,33998400
2002-09-10,41416600
2002-09-11,27711200
2002-09-12,43601700
2002-09-13,41131000
2002-09-16,28167600
2002-09-17,47609700
2002-09-18,54719400
2002-09-19,48510500
2002-09-20,46325600
2002-09-23,46893800
2002-09-24,69507000
2002-09-25,59294400
2002-09-26,53638000
2002-09-27,64648300
2002-09-30,73096400
2002-10-01,67198100
2002-10-02,56749100
2002-10-03,55547000
2002-10-04,68483700
2002-10-07,53188000
2002-10-08,79531000
2002-10-09,79956400
2002-10-10,76749000
2002-10-11,82308300
2002-10-14,40631900
2002-10-15,82320300
2002-10-16,62977800
2002-10-17,68534100
2002-10-18,47448700
2002-10-21,45859100
2002-10-22,40966800
2002-10-23,54905800
2002-10-24,54987400
2002-10-25,43672100
2002-10-28,39416100
2002-10-29,59508200
2002-10-30,41688600
2002-10-31,41620600
2002-11-01,51878900
2002-11-04,49080600
2002-11-05,37270800
2002-11-06,65013100
2002-11-07,51572000
2002-11-08,37905400
2002-11-11,33505100
2002-11-12,37724500
2002-11-13,63891500
2002-11-14,31896800
2002-11-15,39152100
2002-11-18,28934800
2002-11-19,32806600
2002-11-20,36688400
2002-11-21,55128200
2002-11-22,32513800
2002-11-25,33846400
2002-11-26,42284700
2002-11-27,37764000
2002-11-29,19385700
2002-12-02,49911900
2002-12-03,34407700
2002-12-04,64040800
2002-12-05,36724900
2002-12-06,49824100
2002-12-09,36789600
2002-12-10,33319900
2002-12-11,39201000
2002-12-12,34465600
2002-12-13,36862200
2002-12-16,37098400
2002-12-17,32353900
2002-12-18,35612600
2002-12-19,39264200
2002-12-20,31176900
2002-12-23,22599300
2002-12-24,10937000
2002-12-26,17485600
2002-12-27,22205700
2002-12-30,29968000
2002-12-31,34036600
2003-01-02,44516300
2003-01-03,32222600
2003-01-06,40984500
2003-01-07,38640400
2003-01-08,38702200
2003-01-09,34804900
2003-01-10,37768900
2003-01-13,31649900
2003-01-14,30733000
2003-01-15,33511800
2003-01-16,44812100
2003-01-17,35618300
2003-01-21,36826200
2003-01-22,42286500
2003-01-23,55919800
2003-01-24,68633900
2003-01-27,57884400
2003-01-28,46929100
2003-01-29,53712200
2003-01-30,49845900
2003-01-31,55317000
2003-02-03,39696000
2003-02-04,43633400
2003-02-05,55270600
2003-02-06,53638000
2003-02-07,43165000
2003-02-10,45455900
2003-02-11,46861000
2003-02-12,35873600
2003-02-13,57934100
2003-02-14,59580900
2003-02-18,39492700
2003-02-19,31432000
2003-02-20,29280100
2003-02-21,60955800
2003-02-24,30628600
2003-02-25,56770600
2003-02-26,37787200
2003-02-27,51126000
2003-02-28,43666800
2003-03-03,42923100
2003-03-04,31440500
2003-03-05,43974700
2003-03-06,41217700
2003-03-07,63538000
2003-03-10,41014100
2003-03-11,48102700
2003-03-12,62459800
2003-03-13,72117800
2003-03-14,63951800
2003-03-17,88217500
2003-03-18,50792300
2003-03-19,49630800
2003-03-20,67321600
2003-03-21,71165300
2003-03-24,65398900
2003-03-25,61040100
2003-03-26,45740800
2003-03-27,53120200
2003-03-28,32583000
2003-03-31,61119500
2003-04-01,53574000
2003-04-02,50431200
2003-04-03,48755500
2003-04-04,36250100
2003-04-07,69776200
2003-04-08,39712700
2003-04-09,55647300
2003-04-10,41812400
2003-04-11,47730100
2003-04-14,36711700
2003-04-15,49709800
2003-04-16,51788000
2003-04-17,37403100
2003-04-21,32052700
2003-04-22,59763600
2003-04-23,44227100
2003-04-24,49692400
2003-04-25,43917200
2003-04-28,46432900
2003-04-29,52017100
2003-04-30,48709100
2003-05-01,50240400
2003-05-02,50201500
2003-05-05,35437800
2003-05-06,44401000
2003-05-07,41413100
2003-05-08,40570700
2003-05-09,33608100
2003-05-12,35662300
2003-05-13,39253600
2003-05-14,32195100
2003-05-15,43879200
2003-05-16,38905000
2003-05-19,41606000
2003-05-20,55404600
2003-05-21,49333800
2003-05-22,38421800
2003-05-23,26155900
2003-05-27,43719200
2003-05-28,37727100
2003-05-29,50844200
2003-05-30,52529500
2003-06-02,50305500
2003-06-03,38254500
2003-06-04,49360700
2003-06-05,46262400
2003-06-06,60356800
2003-06-09,37808500
2003-06-10,29965900
2003-06-11,37610200
2003-06-12,36442000
2003-06-13,48628300
2003-06-16,36326300
2003-06-17,36801800
2003-06-18,35521000
2003-06-19,43551700
2003-06-20,41545000
2003-06-23,34237500
2003-06-24,36213600
2003-06-25,47743400
2003-06-26,33477300
2003-06-27,54208800
2003-06-30,33349000
2003-07-01,51322800
2003-07-02,34662100
2003-07-03,30792800
2003-07-07,31391100
2003-07-08,30952500
2003-07-09,36528500
2003-07-10,49777700
2003-07-11,39976300
2003-07-14,42114900
2003-07-15,42573600
2003-07-16,39894200
2003-07-17,52253500
2003-07-18,35698100
2003-07-21,34786000
2003-07-22,49968300
2003-07-23,37275400
2003-07-24,40896200
2003-07-25,43241100
2003-07-28,34382800
2003-07-29,53472100
2003-07-30,28363300
2003-07-31,54937200
2003-08-01,49321000
2003-08-04,55214100
2003-08-05,61415600
2003-08-06,50096900
2003-08-07,43427400
2003-08-08,27357300
2003-08-11,34631400
2003-08-12,43285600
2003-08-13,36152000
2003-08-14,35525100
2003-08-15,12567000
2003-08-18,22873800
2003-08-19,37437700
2003-08-20,21295300
2003-08-21,46494200
2003-08-22,52040300
2003-08-25,23473000
2003-08-26,45065800
2003-08-27,18919500
2003-08-28,27402400
2003-08-29,28706600
2003-09-02,49419100
2003-09-03,44912400
2003-09-04,28381000
2003-09-05,31637300
2003-09-08,32632800
2003-09-09,35053200
2003-09-10,45904900
2003-09-11,38396300
2003-09-12,42524800
2003-09-15,21312800
2003-09-16,37892600
2003-09-17,31885800
2003-09-18,30243600
2003-09-19,34331600
2003-09-22,36677400
2003-09-23,32489200
2003-09-24,41694700
2003-09-25,52673100
2003-09-26,42914700
2003-09-29,36771600
2003-09-30,70764500
2003-10-01,65797600
2003-10-02,44591500
2003-10-03,48806900
2003-10-06,20226500
2003-10-07,42602900
2003-10-08,30920800
2003-10-09,40066500
2003-10-10,22682800
2003-10-13,23825600
2003-10-14,38484400
2003-10-15,39021700
2003-10-16,32772200
2003-10-17,32790300
2003-10-20,27657000
2003-10-21,26729100
2003-10-22,33914500
2003-10-23,45830500
2003-10-24,51723600
2003-10-27,32460200
2003-10-28,34956200
2003-10-29,30955400
2003-10-30,39123100
2003-10-31,25761600
2003-11-03,37589300
2003-11-04,31421600
2003-11-05,33558800
2003-11-06,28392300
2003-11-07,31723200
2003-11-10,25530800
2003-11-11,26558600
2003-11-12,28000000
2003-11-13,29714800
2003-11-14,49158500
2003-11-17,44382100
2003-11-18,41155000
2003-11-19,29827000
2003-11-20,53578700
2003-11-21,30016000
2003-11-24,28906400
2003-11-25,37580000
2003-11-26,33053600
2003-11-28,10507500
2003-12-01,38699000
2003-12-02,35352000
2003-12-03,39078600
2003-12-04,36089500
2003-12-05,28824400
2003-12-08,32482900
2003-12-09,43596100
2003-12-10,36915400
2003-12-11,45304000
2003-12-12,34142200
2003-12-15,38693400
2003-12-16,32894200
2003-12-17,23198800
2003-12-18,29353100
2003-12-19,41465100
2003-12-22,27611300
2003-12-23,24741200
2003-12-24,8055800
2003-12-26,8308400
2003-12-29,22483700
2003-12-30,19559500
2003-12-31,31501800
2004-01-02,38072300
2004-01-05,27959800
2004-01-06,20472800
2004-01-07,30170400
2004-01-08,36438400
2004-01-09,54084300
2004-01-12,31564100
2004-01-13,54239700
2004-01-14,30112800
2004-01-15,38408700
2004-01-16,31922700
2004-01-20,29863000
2004-01-21,30725000
2004-01-22,29888500
2004-01-23,44245300
2004-01-26,30460600
2004-01-27,35322800
2004-01-28,52621300
2004-01-29,60117100
2004-01-30,30984400
2004-02-02,38832400
2004-02-03,25093500
2004-02-04,39332600
2004-02-05,37226800
2004-02-06,37216000
2004-02-09,24851300
2004-02-10,27908100
2004-02-11,42965700
2004-02-12,27814700
2004-02-13,44739900
2004-02-17,23984300
2004-02-18,28618000
2004-02-19,51146200
2004-02-20,46728800
2004-02-23,36357000
2004-02-24,43953000
2004-02-25,31213600
2004-02-26,29683000
2004-02-27,39312000
2004-03-01,33130800
2004-03-02,38556400
2004-03-03,31346200
2004-03-04,21060000
2004-03-05,55905600
2004-03-08,39281600
2004-03-09,39746100
2004-03-10,67671800
2004-03-11,89134800
2004-03-12,54012200
2004-03-15,57677200
2004-03-16,59832600
2004-03-17,41607300
2004-03-18,60014300
2004-03-19,48636200
2004-03-22,62752100
2004-03-23,54080200
2004-03-24,51584300
2004-03-25,49873600
2004-03-26,37409500
2004-03-29,44113600
2004-03-30,39059900
2004-03-31,48517600
2004-04-01,45103800
2004-04-02,50987700
2004-04-05,30251800
2004-04-06,28420900
2004-04-07,45890500
2004-04-08,46929700
2004-04-12,23085200
2004-04-13,56210300
2004-04-14,62322300
2004-04-15,61602500
2004-04-16,47059200
2004-04-19,28277600
2004-04-20,53299400
2004-04-21,50177300
2004-04-22,62071500
2004-04-23,29395700
2004-04-26,35515200
2004-04-27,43485500
2004-04-28,50165800
2004-04-29,69687600
2004-04-30,48681400
2004-05-03,33758000
2004-05-04,51185100
2004-05-05,34405000
2004-05-06,54997000
2004-05-07,60950000
2004-05-10,75279400
2004-05-11,48300600
2004-05-12,90830500
2004-05-13,57393700
2004-05-14,54123100
2004-05-17,55020400
2004-05-18,30193100
2004-05-19,54804100
2004-05-20,38082900
2004-05-21,47480400
2004-05-24,40961500
2004-05-25,48668000
2004-05-26,35977000
2004-05-27,45306900
2004-05-28,23367200
2004-06-01,41044700
2004-06-02,39774200
2004-06-03,38688300
2004-06-04,32739500
2004-06-07,31643800
2004-06-08,32846500
2004-06-09,36737600
2004-06-10,21711000
2004-06-14,34633000
2004-06-15,37445000
2004-06-16,26633400
2004-06-17,28402400
2004-06-18,31799800
2004-06-21,25284000
2004-06-22,37334000
2004-06-23,35580000
2004-06-24,35272100
2004-06-25,32837900
2004-06-28,40824500
2004-06-29,28418100
2004-06-30,52230600
2004-07-01,57734700
2004-07-02,34615100
2004-07-06,38698200
2004-07-07,29839800
2004-07-08,45291100
2004-07-09,27412900
2004-07-12,35691300
2004-07-13,26752000
2004-07-14,54089400
2004-07-15,38403500
2004-07-16,40871200
2004-07-19,39592800
2004-07-20,46679800
2004-07-21,56241100
2004-07-22,72477100
2004-07-23,49610500
2004-07-26,49679100
2004-07-27,51295100
2004-07-28,65862300
2004-07-29,52200500
2004-07-30,41581700
2004-08-02,38263100
2004-08-03,40948800
2004-08-04,40763200
2004-08-05,50772000
2004-08-06,74729000
2004-08-09,37476300
2004-08-10,55870600
2004-08-11,52933200
2004-08-12,50015900
2004-08-13,41634700
2004-08-16,45731900
2004-08-17,40701600
2004-08-18,43165400
2004-08-19,39881600
2004-08-20,44870900
2004-08-23,33745100
2004-08-24,30453100
2004-08-25,38551400
2004-08-26,26629500
2004-08-27,24902900
2004-08-30,26726500
2004-08-31,44125300
2004-09-01,52778300
2004-09-02,42736600
2004-09-03,30480500
2004-09-07,37338800
2004-09-08,32963100
2004-09-09,34314800
2004-09-10,27900600
2004-09-13,44398100
2004-09-14,28048900
2004-09-15,38295000
2004-09-16,23911700
2004-09-17,33683000
2004-09-20,37149400
2004-09-21,40920800
2004-09-22,49042100
2004-09-23,44068700
2004-09-24,34981100
2004-09-27,39355100
2004-09-28,41662900
2004-09-29,33325700
2004-09-30,43536700
2004-10-01,62824300
2004-10-04,33082400
2004-10-05,36910600
2004-10-06,42297800
2004-10-07,39388800
2004-10-08,51872600
2004-10-11,20229100
2004-10-12,41754700
2004-10-13,54212600
2004-10-14,64082200
2004-10-15,63482200
2004-10-18,43535100
2004-10-19,55851900
2004-10-20,57118500
2004-10-21,53218300
2004-10-22,48752400
2004-10-25,43990900
2004-10-26,54337400
2004-10-27,73896000
2004-10-28,54413300
2004-10-29,48820200
2004-11-01,36720900
2004-11-02,56210000
2004-11-03,76960200
2004-11-04,55350300
2004-11-05,63287200
2004-11-08,33863800
2004-11-09,44658100
2004-11-10,45265400
2004-11-11,37863200
2004-11-12,55583700
2004-11-15,35297900
2004-11-16,40028700
2004-11-17,54494000
2004-11-18,31854300
2004-11-19,54276500
2004-11-22,37560200
2004-11-23,41968800
2004-11-24,29724800
2004-11-26,15487700
2004-11-29,61460800
2004-11-30,53685200
2004-12-01,49898300
2004-12-02,60163500
2004-12-03,49067900
2004-12-06,33030500
2004-12-07,52047200
2004-12-08,43895100
2004-12-09,60922800
2004-12-10,47828600
2004-12-13,38541000
2004-12-14,41500700
2004-12-15,46699200
2004-12-16,51641800
2004-12-17,70761900
2004-12-20,47187400
2004-12-21,33094200
2004-12-22,31500700
2004-12-23,25646100
2004-12-27,29944100
2004-12-28,23422900
2004-12-29,22650600
2004-12-30,21076900
2004-12-31,28648800
2005-01-03,55748000
2005-01-04,69167600
2005-01-05,65667300
2005-01-06,47814700
2005-01-07,55847700
2005-01-10,56563300
2005-01-11,63099700
2005-01-12,72720500
2005-01-13,55537500
2005-01-14,42032500
2005-01-18,57391700
2005-01-19,54378900
2005-01-20,72049300
2005-01-21,63160400
2005-01-24,58441900
2005-01-25,68245000
2005-01-26,57195100
2005-01-27,55878800
2005-01-28,60738900
2005-01-31,52532700
2005-02-01,49841200
2005-02-02,52468900
2005-02-03,48837100
2005-02-04,50024600
2005-02-07,45412000
2005-02-08,39263500
2005-02-09,55279400
2005-02-10,45858600
2005-02-11,53133000
2005-02-14,32432100
2005-02-15,43852700
2005-02-16,55523000
2005-02-17,58124000
2005-02-18,47723300
2005-02-22,80697600
2005-02-23,68292600
2005-02-24,68563600
2005-02-25,60899900
2005-02-28,69381300
2005-03-01,47294400
2005-03-02,64226500
2005-03-03,61230800
2005-03-04,56168500
2005-03-07,43442400
2005-03-08,44362000
2005-03-09,73263600
2005-03-10,65149000
2005-03-11,57976500
2005-03-14,36336400
2005-03-15,62438500
2005-03-16,74874200
2005-03-17,62584200
2005-03-18,60232000
2005-03-21,61244300
2005-03-22,92472400
2005-03-23,70817300
2005-03-24,51932500
2005-03-28,46765500
2005-03-29,71160300
2005-03-30,62002100
2005-03-31,64575400
2005-04-01,95255300
2005-04-04,71581200
2005-04-05,46853900
2005-04-06,53268200
2005-04-07,46734600
2005-04-08,63772900
2005-04-11,44945000
2005-04-12,86144800
2005-04-13,65949000
2005-04-14,96119800
2005-04-15,128677300
2005-04-18,100035200
2005-04-19,64930100
2005-04-20,107735900
2005-04-21,86952200
2005-04-22,88845800
2005-04-25,52284100
2005-04-26,72626000
2005-04-27,84131900
2005-04-28,72481500
2005-04-29,103993800
2005-05-02,56026400
2005-05-03,86000300
2005-05-04,81055700
2005-05-05,96906700
2005-05-06,67415400
2005-05-09,43750500
2005-05-10,74613500
2005-05-11,91647400
2005-05-12,95086800
2005-05-13,85267000
2005-05-16,49207000
2005-05-17,61071800
2005-05-18,77944900
2005-05-19,61768100
2005-05-20,46345500
2005-05-23,51047900
2005-05-24,50654100
2005-05-25,47608800
2005-05-26,43256200
2005-05-27,24596100
2005-05-31,43377200
2005-06-01,69611000
2005-06-02,39704500
2005-06-03,60999400
2005-06-06,36046400
2005-06-07,66501300
2005-06-08,46881200
2005-06-09,56653300
2005-06-10,36465300
2005-06-13,49383200
2005-06-14,33857100
2005-06-15,53195600
2005-06-16,46564500
2005-06-17,51529400
2005-06-20,41019400
2005-06-21,39879800
2005-06-22,46310100
2005-06-23,62185600
2005-06-24,58572500
2005-06-27,48183800
2005-06-28,41174200
2005-06-29,42316500
2005-06-30,62288800
2005-07-01,49737500
2005-07-05,51549000
2005-07-06,52363600
2005-07-07,103268800
2005-07-08,64491200
2005-07-11,49688300
2005-07-12,51871100
2005-07-13,41182300
2005-07-14,63638800
2005-07-15,56075900
2005-07-18,56598400
2005-07-19,59165700
2005-07-20,69477000
2005-07-21,101110900
2005-07-22,52607100
2005-07-25,57301600
2005-07-26,42758800
2005-07-27,43181600
2005-07-28,47880700
2005-07-29,62358100
2005-08-01,40418200
2005-08-02,45147400
2005-08-03,36837200
2005-08-04,50855600
2005-08-05,53595500
2005-08-08,47616000
2005-08-09,47170000
2005-08-10,72863700
2005-08-11,58570200
2005-08-12,54776900
2005-08-15,36208500
2005-08-16,71942100
2005-08-17,62275100
2005-08-18,53388600
2005-08-19,39842100
2005-08-22,69912000
2005-08-23,55168600
2005-08-24,79104600
2005-08-25,35631100
2005-08-26,61956800
2005-08-29,56179200
2005-08-30,74160200
2005-08-31,102945200
2005-09-01,74578700
2005-09-02,47653400
2005-09-06,57251300
2005-09-07,41749700
2005-09-08,39068700
2005-09-09,43093900
2005-09-12,33017600
2005-09-13,58427500
2005-09-14,57694600
2005-09-15,73156900
2005-09-16,75424100
2005-09-19,53355300
2005-09-20,84480300
2005-09-21,94469100
2005-09-22,84597200
2005-09-23,59368100
2005-09-26,70415400
2005-09-27,66150800
2005-09-28,58620500
2005-09-29,66607700
2005-09-30,47824200
2005-10-03,50994800
2005-10-04,60776300
2005-10-05,106052100
2005-10-06,140941800
2005-10-07,75661400
2005-10-10,52677000
2005-10-11,75629800
2005-10-12,100510400
2005-10-13,99052900
2005-10-14,88651000
2005-10-17,68109300
2005-10-18,74996900
2005-10-19,116563800
2005-10-20,131966700
2005-10-21,96579500
2005-10-24,71308400
2005-10-25,76594500
2005-10-26,80855800
2005-10-27,66623100
2005-10-28,72322000
2005-10-31,77698900
2005-11-01,66365100
2005-11-02,74012300
2005-11-03,84897600
2005-11-04,59156000
2005-11-07,46765400
2005-11-08,42152800
2005-11-09,57666800
2005-11-10,79048100
2005-11-11,34867000
2005-11-14,45092200
2005-11-15,69592500
2005-11-16,51133000
2005-11-17,55717500
2005-11-18,72437200
2005-11-21,50021200
2005-11-22,66438800
2005-11-23,50854700
2005-11-25,15270000
2005-11-28,54498500
2005-11-29,51738900
2005-11-30,56007200
2005-12-01,65468200
2005-12-02,46699400
2005-12-05,59273400
2005-12-06,57935200
2005-12-07,66816500
2005-12-08,62608600
2005-12-09,50744500
2005-12-12,48389900
2005-12-13,88630900
2005-12-14,64375000
2005-12-15,55900300
2005-12-16,46238300
2005-12-19,48733000
2005-12-20,46603200
2005-12-21,51806900
2005-12-22,32247900
2005-12-23,27977300
2005-12-27,44499500
2005-12-28,30764300
2005-12-29,32788900
2005-12-30,44645600
2006-01-03,73256700
2006-01-04,51899600
2006-01-05,47307500
2006-01-06,62885900
2006-01-09,43527400
2006-01-10,44960800
2006-01-11,49598900
2006-01-12,40509200
2006-01-13,44856700
2006-01-17,52066600
2006-01-18,75067600
2006-01-19,81530400
2006-01-20,114957800
2006-01-23,67017400
2006-01-24,53008800
2006-01-25,87747700
2006-01-26,71294000
2006-01-27,65771200
2006-01-30,33709600
2006-01-31,72937000
2006-02-01,63561000
2006-02-02,83626900
2006-02-03,86040400
2006-02-06,45511900
2006-02-07,71208100
2006-02-08,59422200
2006-02-09,62023300
2006-02-10,64508700
2006-02-13,52308700
2006-02-14,90964400
2006-02-15,85471300
2006-02-16,61017900
2006-02-17,40342600
2006-02-21,46456300
2006-02-22,42326700
2006-02-23,43423200
2006-02-24,36777400
2006-02-27,35858600
2006-02-28,74394800
2006-03-01,48641600
2006-03-02,60642300
2006-03-03,73402500
2006-03-06,57478400
2006-03-07,61780800
2006-03-08,66692400
2006-03-09,56313600
2006-03-10,60490800
2006-03-13,45479100
2006-03-14,69877300
2006-03-15,53398900
2006-03-16,65526400
2006-03-17,47286800
2006-03-20,45538500
2006-03-21,87102700
2006-03-22,51605700
2006-03-23,46704200
2006-03-24,43209200
2006-03-27,32523000
2006-03-28,82079900
2006-03-29,61505700
2006-03-30,70571700
2006-03-31,62925600
2006-04-03,61624700
2006-04-04,54809300
2006-04-05,50607200
2006-04-06,57906200
2006-04-07,80180900
2006-04-10,41496500
2006-04-11,72799400
2006-04-12,43033700
2006-04-13,51051800
2006-04-17,64167700
2006-04-18,92531800
2006-04-19,87269000
2006-04-20,86005500
2006-04-21,72342600
2006-04-24,52546400
2006-04-25,84359800
2006-04-26,67262400
2006-04-27,124478600
2006-04-28,55854400
2006-05-01,64990300
2006-05-02,49063500
2006-05-03,60821300
2006-05-04,42921400
2006-05-05,62588200
2006-05-08,30016700
2006-05-09,29864000
2006-05-10,64378200
2006-05-11,80626900
2006-05-12,91726500
2006-05-15,84029300
2006-05-16,62137600
2006-05-17,144789500
2006-05-18,87906300
2006-05-19,124309400
2006-05-22,110852800
2006-05-23,92006500
2006-05-24,168405000
2006-05-25,78977900
2006-05-26,62989700
2006-05-30,72419900
2006-05-31,86926200
2006-06-01,73721700
2006-06-02,91702600
2006-06-05,86105100
2006-06-06,130498600
2006-06-07,108599400
2006-06-08,204957200
2006-06-09,94972200
2006-06-12,95815900
2006-06-13,185688800
2006-06-14,163566400
2006-06-15,134057000
2006-06-16,94253500
2006-06-19,95804400
2006-06-20,65494700
2006-06-21,75008200
2006-06-22,74566100
2006-06-23,54107000
2006-06-26,37899600
2006-06-27,69780200
2006-06-28,62368100
2006-06-29,110634800
2006-06-30,54227800
2006-07-03,23914000
2006-07-05,69653400
2006-07-06,50100300
2006-07-07,81626500
2006-07-10,60964100
2006-07-11,73640800
2006-07-12,82561300
2006-07-13,102405700
2006-07-14,103242500
2006-07-17,81159000
2006-07-18,122771000
2006-07-19,133565300
2006-07-20,112259800
2006-07-21,101560000
2006-07-24,92884000
2006-07-25,95480700
2006-07-26,84525800
2006-07-27,87257100
2006-07-28,82137000
2006-07-31,49593100
2006-08-01,65225600
2006-08-02,64770900
2006-08-03,63693800
2006-08-04,96294200
2006-08-07,45377300
2006-08-08,90901300
2006-08-09,78910600
2006-08-10,69322300
2006-08-11,47482200
2006-08-14,57839000
2006-08-15,68143000
2006-08-16,71737600
2006-08-17,70992800
2006-08-18,58288400
2006-08-21,42133600
2006-08-22,60839900
2006-08-23,66592100
2006-08-24,57983000
2006-08-25,41756000
2006-08-28,52681500
2006-08-29,61817800
2006-08-30,50052200
2006-08-31,37510300
2006-09-01,48794500
2006-09-05,52348300
2006-09-06,53795600
2006-09-07,86269400
2006-09-08,45096300
2006-09-11,68496600
2006-09-12,69875600
2006-09-13,62898400
2006-09-14,57805400
2006-09-15,76703100
2006-09-18,64154100
2006-09-19,92089100
2006-09-20,75204100
2006-09-21,88932500
2006-09-22,65966800
2006-09-25,92299100
2006-09-26,73962700
2006-09-27,82432200
2006-09-28,58597500
2006-09-29,47966600
2006-10-02,51687400
2006-10-03,73108100
2006-10-04,80890500
2006-10-05,60505900
2006-10-06,64983600
2006-10-09,41176800
2006-10-10,56403700
2006-10-11,104071800
2006-10-12,59158600
2006-10-13,53944000
2006-10-16,42273000
2006-10-17,90500600
2006-10-18,86848600
2006-10-19,64063200
2006-10-20,48094500
2006-10-23,66219900
2006-10-24,53234900
2006-10-25,78105400
2006-10-26,66843700
2006-10-27,80238000
2006-10-30,49717800
2006-10-31,71274100
2006-11-01,83005600
2006-11-02,60693100
2006-11-03,71346400
2006-11-06,63303300
2006-11-07,63318900
2006-11-08,87517800
2006-11-09,95916300
2006-11-10,48991500
2006-11-13,59398200
2006-11-14,96704000
2006-11-15,76509600
2006-11-16,76728800
2006-11-17,56353800
2006-11-20,69174200
2006-11-21,51367900
2006-11-22,45505300
2006-11-24,30998000
2006-11-27,84545100
2006-11-28,106652900
2006-11-29,90034900
2006-11-30,83994300
2006-12-01,126080000
2006-12-04,87813200
2006-12-05,73374400
2006-12-06,53253200
2006-12-07,62857400
2006-12-08,79625500
2006-12-11,39779400
2006-12-12,77451600
2006-12-13,55520200
2006-12-14,64755200
2006-12-15,70857400
2006-12-18,48954600
2006-12-19,65023600
2006-12-20,41469600
2006-12-21,48698400
2006-12-22,62069100
2006-12-26,32696900
2006-12-27,39727100
2006-12-28,37288800
2006-12-29,45461200
2007-01-03,94807600
2007-01-04,69620600
2007-01-05,76645300
2007-01-08,71655000
2007-01-09,75680100
2007-01-10,72428000
2007-01-11,54476800
2007-01-12,55370600
2007-01-16,44871300
2007-01-17,50241400
2007-01-18,68177300
2007-01-19,56973000
2007-01-22,60253600
2007-01-23,54064400
2007-01-24,55834700
2007-01-25,73583800
2007-01-26,67255600
2007-01-29,66114600
2007-01-30,70407600
2007-01-31,91868600
2007-02-01,69312400
2007-02-02,49607000
2007-02-05,45705300
2007-02-06,57081300
2007-02-07,55669700
2007-02-08,70641000
2007-02-09,79084400
2007-02-12,65657000
2007-02-13,64081800
2007-02-14,66039400
2007-02-15,38715200
2007-02-16,39841800
2007-02-20,56911800
2007-02-21,63971600
2007-02-22,79067400
2007-02-23,71966200
2007-02-26,69192800
2007-02-27,274466500
2007-02-28,177536300
2007-03-01,212828600
2007-03-02,162574000
2007-03-05,143750400
2007-03-06,143333300
2007-03-07,115144900
2007-03-08,117891600
2007-03-09,107765100
2007-03-12,80366900
2007-03-13,190605200
2007-03-14,231853800
2007-03-15,132435900
2007-03-16,121531600
2007-03-19,96161200
2007-03-20,82147400
2007-03-21,152368700
2007-03-22,118942200
2007-03-23,74416800
2007-03-26,113787500
2007-03-27,99864600
2007-03-28,152907900
2007-03-29,139432700
2007-03-30,128194100
2007-04-02,79416400
2007-04-03,82417800
2007-04-04,63995200
2007-04-05,46822800
2007-04-09,50967400
2007-04-10,56620000
2007-04-11,106365700
2007-04-12,115534400
2007-04-13,84287000
2007-04-16,83064600
2007-04-17,108424100
2007-04-18,88345300
2007-04-19,102947700
2007-04-20,124114100
2007-04-23,77270800
2007-04-24,114471000
2007-04-25,108418800
2007-04-26,88741600
2007-04-27,108191100
2007-04-30,100874100
2007-05-01,134342700
2007-05-02,87129800
2007-05-03,86569700
2007-05-04,96409000
2007-05-07,63461400
2007-05-08,80584000
2007-05-09,102070100
2007-05-10,153617800
2007-05-11,113408900
2007-05-14,108027500
2007-05-15,180673300
2007-05-16,114166500
2007-05-17,101132800
2007-05-18,99182000
2007-05-21,174664600
2007-05-22,82148800
2007-05-23,133786600
2007-05-24,187593000
2007-05-25,83309200
2007-05-29,82020000
2007-05-30,129013600
2007-05-31,114866700
2007-06-01,107771700
2007-06-04,78008800
2007-06-05,126917900
2007-06-06,164096800
2007-06-07,232414600
2007-06-08,175886000
2007-06-11,102015600
2007-06-12,233898000
2007-06-13,193208200
2007-06-14,146396500
2007-06-15,154030800
2007-06-18,88537500
2007-06-19,110851700
2007-06-20,177119700
2007-06-21,205262000
2007-06-22,204964700
2007-06-25,232014400
2007-06-26,198445700
2007-06-27,213638000
2007-06-28,157705000
2007-06-29,199701800
2007-07-02,103357000
2007-07-03,54048400
2007-07-05,89279000
2007-07-06,81109000
2007-07-09,72348100
2007-07-10,180362600
2007-07-11,175607600
2007-07-12,133882500
2007-07-13,111794300
2007-07-16,98378700
2007-07-17,126201300
2007-07-18,237887400
2007-07-19,145212700
2007-07-20,245502500
2007-07-23,121183900
2007-07-24,256732400
2007-07-25,265214500
2007-07-26,467592500
2007-07-27,422987600
2007-07-30,283017500
2007-07-31,316976700
2007-08-01,467670000
2007-08-02,294758400
2007-08-03,359398200
2007-08-06,324980000
2007-08-07,232568700
2007-08-08,274930600
2007-08-09,357622100
2007-08-10,411018400
2007-08-13,181917200
2007-08-14,264134500
2007-08-15,323834000
2007-08-16,546743700
2007-08-17,388218100
2007-08-20,187320400
2007-08-21,157066400
2007-08-22,173156700
2007-08-23,203915300
2007-08-24,128901900
2007-08-27,113024300
2007-08-28,219790700
2007-08-29,207654200
2007-08-30,191817300
2007-08-31,185477500
2007-09-04,120062000
2007-09-05,166261800
2007-09-06,127878400
2007-09-07,235447600
2007-09-10,192305900
2007-09-11,162081900
2007-09-12,149554600
2007-09-13,154079000
2007-09-14,121911000
2007-09-17,109870800
2007-09-18,263759500
2007-09-19,193779900
2007-09-20,175186800
2007-09-21,141457500
2007-09-24,139450200
2007-09-25,142289900
2007-09-26,135547000
2007-09-27,102713300
2007-09-28,133372100
2007-10-01,148162300
2007-10-02,112978800
2007-10-03,119055900
2007-10-04,76864400
2007-10-05,134579700
2007-10-08,71280400
2007-10-09,94054300
2007-10-10,101711100
2007-10-11,233529100
2007-10-12,124546700
2007-10-15,161151900
2007-10-16,166525700
2007-10-17,216687300
2007-10-18,148367500
2007-10-19,297169900
2007-10-22,261989800
2007-10-23,180085100
2007-10-24,326694200
2007-10-25,237374500
2007-10-26,176484000
2007-10-29,106841000
2007-10-30,132981600
2007-10-31,220954400
2007-11-01,333040800
2007-11-02,331228200
2007-11-05,226841000
2007-11-06,177800500
2007-11-07,306639700
2007-11-08,374509900
2007-11-09,277745100
2007-11-12,243087800
2007-11-13,191117400
2007-11-14,230558800
2007-11-15,263111100
2007-11-16,308770600
2007-11-19,267746000
2007-11-20,414767500
2007-11-21,259012400
2007-11-23,77688400
2007-11-26,214232000
2007-11-27,293897900
2007-11-28,258596900
2007-11-29,199409900
2007-11-30,222908000
2007-12-03,146430400
2007-12-04,136533900
2007-12-05,171130000
2007-12-06,154457400
2007-12-07,148980100
2007-12-10,123914300
2007-12-11,250346400
2007-12-12,322435600
2007-12-13,237551300
2007-12-14,159152900
2007-12-17,177269400
2007-12-18,245569300
2007-12-19,198917200
2007-12-20,214813800
2007-12-21,146084400
2007-12-24,45601400
2007-12-26,67093100
2007-12-27,122981700
2007-12-28,116398100
2007-12-31,108126800
2008-01-02,204935600
2008-01-03,125133300
2008-01-04,232330900
2008-01-07,234991000
2008-01-08,326365700
2008-01-09,301824900
2008-01-10,335701200
2008-01-11,267076600
2008-01-14,170365500
2008-01-15,239940100
2008-01-16,378802600
2008-01-17,397892600
2008-01-18,348561500
2008-01-22,435923700
2008-01-23,511913000
2008-01-24,259949300
2008-01-25,269603900
2008-01-28,217934600
2008-01-29,168968300
2008-01-30,334939200
2008-01-31,343680800
2008-02-01,206843600
2008-02-04,124694300
2008-02-05,286882500
2008-02-06,250792900
2008-02-07,297368100
2008-02-08,221643500
2008-02-11,188576300
2008-02-12,256654400
2008-02-13,181967800
2008-02-14,215207200
2008-02-15,154110300
2008-02-19,145190000
2008-02-20,220085700
2008-02-21,201051200
2008-02-22,205491000
2008-02-25,190107000
2008-02-26,212420700
2008-02-27,168395800
2008-02-28,170831100
2008-02-29,252715200
2008-03-03,189483500
2008-03-04,282513100
2008-03-05,270681400
2008-03-06,247911700
2008-03-07,326434600
2008-03-10,235683600
2008-03-11,341440600
2008-03-12,229161100
2008-03-13,351504200
2008-03-14,484687800
2008-03-17,405311100
2008-03-18,334416600
2008-03-19,345971600
2008-03-20,245320700
2008-03-24,208977300
2008-03-25,192947200
2008-03-26,196934300
2008-03-27,225153200
2008-03-28,180896100
2008-03-31,166692100
2008-04-01,254547300
2008-04-02,210910800
2008-04-03,175884800
2008-04-04,204446800
2008-04-07,154245500
2008-04-08,148937300
2008-04-09,195610600
2008-04-10,192967800
2008-04-11,222973300
2008-04-14,160522000
2008-04-15,172389200
2008-04-16,189268900
2008-04-17,179665700
2008-04-18,218530600
2008-04-21,118587400
2008-04-22,162166000
2008-04-23,193309000
2008-04-24,229381300
2008-04-25,190788100
2008-04-28,105610200
2008-04-29,125514100
2008-04-30,208395900
2008-05-01,187279500
2008-05-02,181585500
2008-05-05,118504500
2008-05-06,179339800
2008-05-07,199267300
2008-05-08,178321200
2008-05-09,152588200
2008-05-12,147865900
2008-05-13,159132200
2008-05-14,181910800
2008-05-15,166927000
2008-05-16,204236800
2008-05-19,165664400
2008-05-20,178552100
2008-05-21,252724800
2008-05-22,170820400
2008-05-23,181376400
2008-05-27,168322900
2008-05-28,181288100
2008-05-29,173927200
2008-05-30,117362000
2008-06-02,181069900
2008-06-03,271965700
2008-06-04,246637700
2008-06-05,237867100
2008-06-06,384276300
2008-06-09,228263900
2008-06-10,260234900
2008-06-11,283890100
2008-06-12,252791800
2008-06-13,244726900
2008-06-16,185832500
2008-06-17,191707700
2008-06-18,265893000
2008-06-19,304204900
2008-06-20,289275700
2008-06-23,165096400
2008-06-24,267300600
2008-06-25,287853900
2008-06-26,297775000
2008-06-27,303423400
2008-06-30,258842600
2008-07-01,388622000
2008-07-02,288064600
2008-07-03,239352500
2008-07-07,372427300
2008-07-08,375973700
2008-07-09,336729400
2008-07-10,436475700
2008-07-11,481124600
2008-07-14,322720800
2008-07-15,502502500
2008-07-16,371642900
2008-07-17,375490600
2008-07-18,267030100
2008-07-21,222863000
2008-07-22,296904200
2008-07-23,311698400
2008-07-24,248634500
2008-07-25,219131000
2008-07-28,205201300
2008-07-29,261505600
2008-07-30,354710000
2008-07-31,277402100
2008-08-01,248690900
2008-08-04,188239600
2008-08-05,251577600
2008-08-06,209555400
2008-08-07,246312500
2008-08-08,260811700
2008-08-11,249425800
2008-08-12,213200800
2008-08-13,256393200
2008-08-14,239555300
2008-08-15,181000800
2008-08-18,172275100
2008-08-19,194673700
2008-08-20,225498200
2008-08-21,180609800
2008-08-22,167715300
2008-08-25,171936900
2008-08-26,159117200
2008-08-27,171032800
2008-08-28,167537100
2008-08-29,189195800
2008-09-02,252364900
2008-09-03,251947000
2008-09-04,340042500
2008-09-05,289503400
2008-09-08,364075300
2008-09-09,377326800
2008-09-10,298916600
2008-09-11,375369400
2008-09-12,297851200
2008-09-15,483607000
2008-09-16,581744300
2008-09-17,624095600
2008-09-18,776114700
2008-09-19,501087800
2008-09-22,249966500
2008-09-23,327470400
2008-09-24,311818400
2008-09-25,328253000
2008-09-26,285917400
2008-09-29,459562300
2008-09-30,328154400
2008-10-01,332783000
2008-10-02,365337800
2008-10-03,461798000
2008-10-06,610637500
2008-10-07,540012100
2008-10-08,725414800
2008-10-09,534485200
2008-10-10,871026300
2008-10-13,455584000
2008-10-14,546268300
2008-10-15,484627500
2008-10-16,708811200
2008-10-17,476649000
2008-10-20,321294200
2008-10-21,356502000
2008-10-22,516168000
2008-10-23,634666400
2008-10-24,545812600
2008-10-27,397288600
2008-10-28,639939500
2008-10-29,531270100
2008-10-30,414582100
2008-10-31,411394000
2008-11-03,205419400
2008-11-04,346793400
2008-11-05,387844100
2008-11-06,477721900
2008-11-07,380391000
2008-11-10,301773000
2008-11-11,418498200
2008-11-12,454330600
2008-11-13,753141900
2008-11-14,540352300
2008-11-17,415254900
2008-11-18,523811800
2008-11-19,558327600
2008-11-20,814180400
2008-11-21,718536500
2008-11-24,523305300
2008-11-25,454112400
2008-11-26,370134200
2008-11-28,118308100
2008-12-01,369927100
2008-12-02,469508400
2008-12-03,519863500
2008-12-04,444173800
2008-12-05,471905300
2008-12-08,412859300
2008-12-09,370790000
2008-12-10,396187400
2008-12-11,365061000
2008-12-12,415060400
2008-12-15,256694200
2008-12-16,377699500
2008-12-17,281819800
2008-12-18,374673300
2008-12-19,301451300
2008-12-22,243759500
2008-12-23,221625200
2008-12-24,62061600
2008-12-26,74767700
2008-12-29,127795900
2008-12-30,168256300
2008-12-31,193987200
2009-01-02,227566300
2009-01-05,240349700
2009-01-06,328260900
2009-01-07,280899200
2009-01-08,263834400
2009-01-09,330953600
2009-01-12,277858500
2009-01-13,356432300
2009-01-14,435491600
2009-01-15,532647300
2009-01-16,399237200
2009-01-20,419855200
2009-01-21,364360700
2009-01-22,427940300
2009-01-23,386800600
2009-01-26,317978800
2009-01-27,273789700
2009-01-28,330007000
2009-01-29,294392500
2009-01-30,383383600
2009-02-02,288233300
2009-02-03,278385800
2009-02-04,322989300
2009-02-05,417679400
2009-02-06,366101700
2009-02-09,240075200
2009-02-10,536212800
2009-02-11,324442500
2009-02-12,469302200
2009-02-13,293998400
2009-02-17,478910100
2009-02-18,362964800
2009-02-19,316867500
2009-02-20,477176600
2009-02-23,379641400
2009-02-24,426260900
2009-02-25,461985800
2009-02-26,363353900
2009-02-27,470510900
2009-03-02,426452600
2009-03-03,443761000
2009-03-04,462753100
2009-03-05,485549400
2009-03-06,490470000
2009-03-09,379905300
2009-03-10,406227900
2009-03-11,356648300
2009-03-12,409702700
2009-03-13,337474700
2009-03-16,360644900
2009-03-17,356814300
2009-03-18,473273200
2009-03-19,428520400
2009-03-20,371078200
2009-03-23,419933300
2009-03-24,330271000
2009-03-25,441775100
2009-03-26,422025200
2009-03-27,322332300
2009-03-30,324108500
2009-03-31,364238300
2009-04-01,377018300
2009-04-02,476230700
2009-04-03,284646300
2009-04-06,264866600
2009-04-07,258947800
2009-04-08,230402800
2009-04-09,269653500
2009-04-13,224847500
2009-04-14,276598800
2009-04-15,250726100
2009-04-16,335202900
2009-04-17,262649000
2009-04-20,293690100
2009-04-21,114090900
2009-04-22,340395200
2009-04-23,324903700
2009-04-24,287703000
2009-04-27,289581600
2009-04-28,247926300
2009-04-29,311505700
2009-04-30,301419800
2009-05-01,236110300
2009-05-04,287120000
2009-05-05,243036300
2009-05-06,291941000
2009-05-07,317728000
2009-05-08,299081700
2009-05-11,247923600
2009-05-12,282431300
2009-05-13,269619100
2009-05-14,260098700
2009-05-15,271502700
2009-05-18,241447400
2009-05-19,206102200
2009-05-20,285722200
2009-05-21,258988400
2009-05-22,166811900
2009-05-26,236318500
2009-05-27,246015800
2009-05-28,289095000
2009-05-29,258641500
2009-06-01,276246800
2009-06-02,230874500
2009-06-03,235310500
2009-06-04,210102300
2009-06-05,284257900
2009-06-08,238565100
2009-06-09,225125500
2009-06-10,296100400
2009-06-11,275414200
2009-06-12,184361800
2009-06-15,224190500
2009-06-16,227319000
2009-06-17,223445200
2009-06-18,211725100
2009-06-19,215655600
2009-06-22,251913600
2009-06-23,188309800
2009-06-24,211577700
2009-06-25,279411000
2009-06-26,167579000
2009-06-29,168481300
2009-06-30,228888200
2009-07-01,173041100
2009-07-02,212309900
2009-07-06,174499600
2009-07-07,197088900
2009-07-08,248050500
2009-07-09,163777600
2009-07-10,173520300
2009-07-13,217413500
2009-07-14,181487400
2009-07-15,220877900
2009-07-16,231174500
2009-07-17,138561700
2009-07-20,164179400
2009-07-21,217718300
2009-07-22,196068100
2009-07-23,258795500
2009-07-24,154003100
2009-07-27,159259400
2009-07-28,186685200
2009-07-29,194399300
2009-07-30,225575400
2009-07-31,207358000
2009-08-03,175776900
2009-08-04,176714600
2009-08-05,184726400
2009-08-06,193203800
2009-08-07,220640900
2009-08-10,130898700
2009-08-11,157301000
2009-08-12,219052400
2009-08-13,176449500
2009-08-14,199616100
2009-08-17,237667500
2009-08-18,173461500
2009-08-19,192812800
2009-08-20,174131300
2009-08-21,224605000
2009-08-24,191279000
2009-08-25,215310600
2009-08-26,194620700
2009-08-27,196230100
2009-08-28,147024400
2009-08-31,176051600
2009-09-01,321276800
2009-09-02,171805000
2009-09-03,143572300
2009-09-04,142687900
2009-09-08,132909100
2009-09-09,154612500
2009-09-10,162902400
2009-09-11,152360100
2009-09-14,149593800
2009-09-15,196795900
2009-09-16,206406300
2009-09-17,229170900
2009-09-18,153799100
2009-09-21,151892000
2009-09-22,143126700
2009-09-23,225947400
2009-09-24,228636800
2009-09-25,204059000
2009-09-28,118285800
2009-09-29,133733900
2009-09-30,254383000
2009-10-01,281840600
2009-10-02,224748800
2009-10-05,149875000
2009-10-06,202491100
2009-10-07,159200300
2009-10-08,183305800
2009-10-09,135008300
2009-10-12,118031000
2009-10-13,157692700
2009-10-14,191421600
2009-10-15,173873600
2009-10-16,192069400
2009-10-19,159530400
2009-10-20,180921100
2009-10-21,225379300
2009-10-22,238444000
2009-10-23,240033200
2009-10-26,242028200
2009-10-27,253266300
2009-10-28,248821400
2009-10-29,198110600
2009-10-30,325608100
2009-11-02,254222900
2009-11-03,228362600
2009-11-04,247996700
2009-11-05,180015300
2009-11-06,170954100
2009-11-09,159495700
2009-11-10,171899800
2009-11-11,169466200
2009-11-12,157144500
2009-11-13,150963000
2009-11-16,210922200
2009-11-17,147134100
2009-11-18,156486800
2009-11-19,208734600
2009-11-20,134196000
2009-11-23,148010200
2009-11-24,138420100
2009-11-25,109564800
2009-11-27,126001800
2009-11-30,160874800
2009-12-01,159613700
2009-12-02,132315100
2009-12-03,167324900
2009-12-04,274907800
2009-12-07,127973800
2009-12-08,169863700
2009-12-09,155063400
2009-12-10,138014600
2009-12-11,124854000
2009-12-14,107141500
2009-12-15,120408800
2009-12-16,155358200
2009-12-17,183390100
2009-12-18,174591200
2009-12-21,118039600
2009-12-22,91707500
2009-12-23,111783100
2009-12-24,39677500
2009-12-28,87508500
2009-12-29,80572500
2009-12-30,73138400
2009-12-31,90637900
2010-01-04,118944600
2010-01-05,111579900
2010-01-06,116074400
2010-01-07,131091100
2010-01-08,126402800
2010-01-11,106375700
2010-01-12,163333500
2010-01-13,161822000
2010-01-14,115718800
2010-01-15,212283100
2010-01-19,139172700
2010-01-20,216490200
2010-01-21,344859600
2010-01-22,345942400
2010-01-25,186937500
2010-01-26,211168800
2010-01-27,271863600
2010-01-28,316104000
2010-01-29,310677600
2010-02-01,187865000
2010-02-02,216327900
2010-02-03,172730700
2010-02-04,356715700
2010-02-05,493585800
2010-02-08,224166900
2010-02-09,337820500
2010-02-10,240511500
2010-02-11,223591600
2010-02-12,304622100
2010-02-16,159317500
2010-02-17,168845100
2010-02-18,193708600
2010-02-19,222684900
2010-02-22,132346900
2010-02-23,207497000
2010-02-24,176350700
2010-02-25,259634700
2010-02-26,173589300
2010-03-01,147709700
2010-03-02,160992400
2010-03-03,150785000
2010-03-04,135770400
2010-03-05,176118800
2010-03-08,114631200
2010-03-09,154556700
2010-03-10,186088800
2010-03-11,160791100
2010-03-12,162074800
2010-03-15,146816800
2010-03-16,168673000
2010-03-17,177468100
2010-03-18,196509100
2010-03-19,226641100
2010-03-22,184477800
2010-03-23,182941600
2010-03-24,196072600
2010-03-25,223396300
2010-03-26,205808500
2010-03-29,134513500
2010-03-30,145772500
2010-03-31,161078700
2010-04-01,161215200
2010-04-05,105847600
2010-04-06,110384200
2010-04-07,184576300
2010-04-08,158704000
2010-04-09,133006500
2010-04-12,110279000
2010-04-13,125043600
2010-04-14,161609000
2010-04-15,144615300
2010-04-16,366786700
2010-04-19,217947800
2010-04-20,157708000
2010-04-21,192910100
2010-04-22,115360300
2010-04-23,177335500
2010-04-26,143457300
2010-04-27,355853300
2010-04-28,300674100
2010-04-29,193775000
2010-04-30,270000900
2010-05-03,182747900
2010-05-04,360353400
2010-05-05,328973200
2010-05-06,647356600
2010-05-07,637558800
2010-05-10,396159600
2010-05-11,317849800
2010-05-12,235607100
2010-05-13,234452500
2010-05-14,345601400
2010-05-17,325739800
2010-05-18,360556800
2010-05-19,394742700
2010-05-20,530418300
2010-05-21,500909400
2010-05-24,269823000
2010-05-25,396505200
2010-05-26,349719300
2010-05-27,300870500
2010-05-28,297933500
2010-06-01,277909400
2010-06-02,240243700
2010-06-03,226618300
2010-06-04,398475600
2010-06-07,264609100
2010-06-08,357774300
2010-06-09,268023300
2010-06-10,317890600
2010-06-11,214128200
2010-06-14,207196100
2010-06-15,238268700
2010-06-16,216374000
2010-06-17,263185800
2010-06-18,174006600
2010-06-21,213140700
2010-06-22,239355400
2010-06-23,254639900
2010-06-24,268523600
2010-06-25,238726500
2010-06-28,169218600
2010-06-29,373649500
2010-06-30,284101700
2010-07-01,382924800
2010-07-02,233385200
2010-07-06,256935300
2010-07-07,253769400
2010-07-08,210842100
2010-07-09,144999900
2010-07-12,131283600
2010-07-13,213025900
2010-07-14,184426800
2010-07-15,232337900
2010-07-16,282693400
2010-07-19,186709000
2010-07-20,258162400
2010-07-21,264527000
2010-07-22,274781300
2010-07-23,222020800
2010-07-26,184445700
2010-07-27,204855600
2010-07-28,163056200
2010-07-29,220149100
2010-07-30,220070600
2010-08-02,188263200
2010-08-03,146657300
2010-08-04,158171700
2010-08-05,140473800
2010-08-06,239728300
2010-08-09,120800400
2010-08-10,242916300
2010-08-11,273406900
2010-08-12,239542600
2010-08-13,158698500
2010-08-16,147895300
2010-08-17,172270300
2010-08-18,182922100
2010-08-19,265847600
2010-08-20,209714200
2010-08-23,163490300
2010-08-24,280677800
2010-08-25,272234800
2010-08-26,224439500
2010-08-27,272649000
2010-08-30,167238600
2010-08-31,273933100
2010-09-01,256828100
2010-09-02,156112200
2010-09-03,212197300
2010-09-07,141973700
2010-09-08,149924400
2010-09-09,147017900
2010-09-10,127819000
2010-09-13,178503500
2010-09-14,209823600
2010-09-15,168608400
2010-09-16,199962900
2010-09-17,195836900
2010-09-20,214555200
2010-09-21,268389100
2010-09-22,191322400
2010-09-23,202354300
2010-09-24,209671800
2010-09-27,128761800
2010-09-28,209207500
2010-09-29,179665800
2010-09-30,287106700
2010-10-01,174638700
2010-10-04,166153200
2010-10-05,229634100
2010-10-06,148626600
2010-10-07,164860000
2010-10-08,177760100
2010-10-11,103098300
2010-10-12,182210000
2010-10-13,194347200
2010-10-14,217764300
2010-10-15,243705000
2010-10-18,141204800
2010-10-19,280604700
2010-10-20,200051800
2010-10-21,221585500
2010-10-22,108212400
2010-10-25,151145700
2010-10-26,158982900
2010-10-27,190024000
2010-10-28,168576000
2010-10-29,144305500
2010-11-01,174074800
2010-11-02,158345900
2010-11-03,226702800
2010-11-04,215039400
2010-11-05,180654100
2010-11-08,156107100
2010-11-09,186621600
2010-11-10,221387400
2010-11-11,158017600
2010-11-12,239068800
2010-11-15,163940800
2010-11-16,299566200
2010-11-17,172308900
2010-11-18,197723700
2010-11-19,156852900
2010-11-22,181361000
2010-11-23,222309000
2010-11-24,140046100
2010-11-26,76007800
2010-11-29,223642300
2010-11-30,233930700
2010-12-01,221037200
2010-12-02,191213600
2010-12-03,151288900
2010-12-06,103050500
2010-12-07,206581000
2010-12-08,138019200
2010-12-09,123705100
2010-12-10,117571700
2010-12-13,133812700
2010-12-14,147249600
2010-12-15,160823100
2010-12-16,185035200
2010-12-17,141075300
2010-12-20,119085500
2010-12-21,94965500
2010-12-22,78878100
2010-12-23,70053700
2010-12-27,58126000
2010-12-28,55309100
2010-12-29,58033100
2010-12-30,76616900
2010-12-31,91218900
2011-01-03,138725200
2011-01-04,137409700
2011-01-05,133975300
2011-01-06,122519000
2011-01-07,156034600
2011-01-10,122401700
2011-01-11,110287000
2011-01-12,107929200
2011-01-13,129048400
2011-01-14,117677900
2011-01-18,114401300
2011-01-19,151958400
2011-01-20,175745700
2011-01-21,151462900
2011-01-24,113715500
2011-01-25,167552200
2011-01-26,141281500
2011-01-27,123302700
2011-01-28,295637300
2011-01-31,149249200
2011-02-01,167194300
2011-02-02,118323600
2011-02-03,145886700
2011-02-04,134634800
2011-02-07,112439100
2011-02-08,99072800
2011-02-09,146436700
2011-02-10,162708500
2011-02-11,137710300
2011-02-14,101690700
2011-02-15,119575400
2011-02-16,130183500
2011-02-17,109810500
2011-02-18,130002400
2011-02-22,233116400
2011-02-23,227584000
2011-02-24,260431400
2011-02-25,141686900
2011-02-28,141585500
2011-03-01,258565500
2011-03-02,200277400
2011-03-03,176480100
2011-03-04,277202300
2011-03-07,216790400
2011-03-08,174615000
2011-03-09,153806000
2011-03-10,301291800
2011-03-11,225621800
2011-03-14,234974100
2011-03-15,359585400
2011-03-16,468670300
2011-03-17,254303700
2011-03-18,230435400
2011-03-21,153992600
2011-03-22,129538600
2011-03-23,148603100
2011-03-24,159129800
2011-03-25,155642800
2011-03-28,109762400
2011-03-29,129798800
2011-03-30,135835000
2011-03-31,132537100
2011-04-01,153850100
2011-04-04,100768900
2011-04-05,120791500
2011-04-06,120411600
2011-04-07,170731500
2011-04-08,147945400
2011-04-11,121385400
2011-04-12,161187400
2011-04-13,162059000
2011-04-14,161220400
2011-04-15,170006700
2011-04-18,210759300
2011-04-19,124258800
2011-04-20,156133800
2011-04-21,135935400
2011-04-25,65757100
2011-04-26,146600000
2011-04-27,143031000
2011-04-28,124791100
2011-04-29,115094100
2011-05-02,126278700
2011-05-03,138375000
2011-05-04,182678500
2011-05-05,226900000
2011-05-06,222787200
2011-05-09,114104500
2011-05-10,114806900
2011-05-11,193564200
2011-05-12,171550700
2011-05-13,157444900
2011-05-16,141675400
2011-05-17,192686200
2011-05-18,135217900
2011-05-19,119489500
2011-05-20,182594900
2011-05-23,168700000
2011-05-24,147199600
2011-05-25,151050100
2011-05-26,164850000
2011-05-27,120921900
2011-05-31,164731200
2011-06-01,233094300
2011-06-02,200466800
2011-06-03,234690200
2011-06-06,179951200
2011-06-07,161660500
2011-06-08,198696400
2011-06-09,160964400
2011-06-10,238629400
2011-06-13,207599800
2011-06-14,160570400
2011-06-15,300958000
2011-06-16,308032800
2011-06-17,233284900
2011-06-20,159479000
2011-06-21,193157300
2011-06-22,176703000
2011-06-23,334286500
2011-06-24,226129300
2011-06-27,168904700
2011-06-28,165556300
2011-06-29,244295500
2011-06-30,223322700
2011-07-01,202385700
2011-07-05,165936000
2011-07-06,143331600
2011-07-07,170464200
2011-07-08,194100500
2011-07-11,195918600
2011-07-12,214675700
2011-07-13,204062600
2011-07-14,226111800
2011-07-15,220012800
2011-07-18,196872100
2011-07-19,166554900
2011-07-20,137145400
2011-07-21,245246300
2011-07-22,126019400
2011-07-25,136653800
2011-07-26,131278200
2011-07-27,249020100
2011-07-28,207939900
2011-07-29,307038400
2011-08-01,325790900
2011-08-02,346653800
2011-08-03,370830800
2011-08-04,520721800
2011-08-05,655619200
2011-08-08,702263900
2011-08-09,717828700
2011-08-10,662607400
2011-08-11,487979700
2011-08-12,313731600
2011-08-15,258810600
2011-08-16,294095200
2011-08-17,238201100
2011-08-18,512956300
2011-08-19,428281300
2011-08-22,275090600
2011-08-23,331136600
2011-08-24,246869700
2011-08-25,312365400
2011-08-26,314495900
2011-08-29,190977200
2011-08-30,241315700
2011-08-31,301828400
2011-09-01,254585900
2011-09-02,255517200
2011-09-06,285130500
2011-09-07,209803200
2011-09-08,250568200
2011-09-09,380195100
2011-09-12,305793500
2011-09-13,272514700
2011-09-14,319389500
2011-09-15,326777200
2011-09-16,284528300
2011-09-19,241517000
2011-09-20,218932200
2011-09-21,316251300
2011-09-22,513911300
2011-09-23,307242500
2011-09-26,260673700
2011-09-27,311753900
2011-09-28,286696800
2011-09-29,298108900
2011-09-30,288392300
2011-10-03,365136800
2011-10-04,459177500
2011-10-05,284108000
2011-10-06,257800800
2011-10-07,312657900
2011-10-10,230666300
2011-10-11,209088000
2011-10-12,281544900
2011-10-13,212538800
2011-10-14,211397600
2011-10-17,202311600
2011-10-18,318857900
2011-10-19,226601300
2011-10-20,262075600
2011-10-21,278999400
2011-10-24,203215600
2011-10-25,268596800
2011-10-26,289053800
2011-10-27,393220200
2011-10-28,225906500
2011-10-31,228146700
2011-11-01,416565800
2011-11-02,244717600
2011-11-03,291174800
2011-11-04,249401600
2011-11-07,196617200
2011-11-08,224426300
2011-11-09,337982000
2011-11-10,231866500
2011-11-11,189924400
2011-11-14,159258300
2011-11-15,184709400
2011-11-16,235782500
2011-11-17,331219600
2011-11-18,215580400
2011-11-21,229611600
2011-11-22,216494900
2011-11-23,224329100
2011-11-25,99557000
2011-11-28,210686000
2011-11-29,199241500
2011-11-30,324439500
2011-12-01,176954800
2011-12-02,221109700
2011-12-05,225263900
2011-12-06,178842100
2011-12-07,237802500
2011-12-08,240862800
2011-12-09,209111400
2011-12-12,215826100
2011-12-13,245159800
2011-12-14,238618800
2011-12-15,199109200
2011-12-16,220481400
2011-12-19,183903000
2011-12-20,225418100
2011-12-21,194230900
2011-12-22,119465400
2011-12-23,92187200
2011-12-27,86075700
2011-12-28,119107100
2011-12-29,123507200
2011-12-30,95599000
2012-01-03,193697900
2012-01-04,127186500
2012-01-05,173895000
2012-01-06,148050000
2012-01-09,99530200
2012-01-10,115282000
2012-01-11,111540700
2012-01-12,118983700
2012-01-13,179836200
2012-01-17,132209200
2012-01-18,163395200
2012-01-19,126328900
2012-01-20,138230200
2012-01-23,129295800
2012-01-24,103083300
2012-01-25,198613200
2012-01-26,184880500
2012-01-27,135259100
2012-01-30,147311800
2012-01-31,157212000
2012-02-01,166234500
2012-02-02,113090400
2012-02-03,160598500
2012-02-06,107694500
2012-02-07,135528100
2012-02-08,139361400
2012-02-09,148602900
2012-02-10,167907500
2012-02-13,115841900
2012-02-14,165329500
2012-02-15,195195100
2012-02-16,186567800
2012-02-17,129869400
2012-02-21,134042300
2012-02-22,124455300
2012-02-23,137704300
2012-02-24,105539100
2012-02-27,145728900
2012-02-28,129355900
2012-02-29,185934700
2012-03-01,145023500
2012-03-02,120638300
2012-03-05,140765000
2012-03-06,202129900
2012-03-07,143692200
2012-03-08,116968900
2012-03-09,122836800
2012-03-12,104003500
2012-03-13,184090500
2012-03-14,145163600
2012-03-15,165118500
2012-03-16,152893500
2012-03-19,125291100
2012-03-20,121729700
2012-03-21,122388400
2012-03-22,135216700
2012-03-23,120521000
2012-03-26,120164000
2012-03-27,119868500
2012-03-28,148562100
2012-03-29,164963700
2012-03-30,135486800
2012-04-02,151741100
2012-04-03,155806700
2012-04-04,146896000
2012-04-05,137439400
2012-04-09,127555900
2012-04-10,235360300
2012-04-11,154133000
2012-04-12,154321500
2012-04-13,169246700
2012-04-16,147825300
2012-04-17,147877600
2012-04-18,123884200
2012-04-19,198666700
2012-04-20,143199600
2012-04-23,171844900
2012-04-24,137484200
2012-04-25,150252200
2012-04-26,136291600
2012-04-27,130725000
2012-04-30,115092200
2012-05-01,138832200
2012-05-02,121081000
2012-05-03,143759700
2012-05-04,193927300
2012-05-07,127765900
2012-05-08,213377700
2012-05-09,220752500
2012-05-10,150600000
2012-05-11,153032400
2012-05-14,163910000
2012-05-15,207629300
2012-05-16,207265500
2012-05-17,247992900
2012-05-18,319615900
2012-05-21,177861100
2012-05-22,197531200
2012-05-23,204958400
2012-05-24,167357600
2012-05-25,135465600
2012-05-29,152883500
2012-05-30,162370400
2012-05-31,196186000
2012-06-01,253240900
2012-06-04,202545800
2012-06-05,164149400
2012-06-06,184202800
2012-06-07,184772700
2012-06-08,143915400
2012-06-11,169756100
2012-06-12,181931800
2012-06-13,172223900
2012-06-14,230615500
2012-06-15,169444500
2012-06-18,131360900
2012-06-19,137382600
2012-06-20,206451800
2012-06-21,205272200
2012-06-22,130029200
2012-06-25,146375700
2012-06-26,141634000
2012-06-27,108088000
2012-06-28,169242100
2012-06-29,212250900
2012-07-02,129524500
2012-07-03,80450000
2012-07-05,126177500
2012-07-06,151192100
2012-07-09,103780500
2012-07-10,167884800
2012-07-11,141733400
2012-07-12,143583200
2012-07-13,129642600
2012-07-16,97525200
2012-07-17,138860300
2012-07-18,113349700
2012-07-19,129847300
2012-07-20,142904500
2012-07-23,145210900
2012-07-24,173301200
2012-07-25,129122300
2012-07-26,156526500
2012-07-27,236768900
2012-07-30,106782000
2012-07-31,120575900
2012-08-01,138293800
2012-08-02,199556600
2012-08-03,157825000
2012-08-06,86326200
2012-08-07,109545100
2012-08-08,89754700
2012-08-09,90291700
2012-08-10,99792700
2012-08-13,79426900
2012-08-14,102379400
2012-08-15,71085900
2012-08-16,112014200
2012-08-17,90813700
2012-08-20,78255700
2012-08-21,105581100
2012-08-22,133243500
2012-08-23,111466400
2012-08-24,99481200
2012-08-27,68785900
2012-08-28,75689600
2012-08-29,65421300
2012-08-30,96589900
2012-08-31,151970400
2012-09-04,120226200
2012-09-05,100660300
2012-09-06,158272500
2012-09-07,107272100
2012-09-10,86458500
2012-09-11,88760000
2012-09-12,87640900
2012-09-13,225470200
2012-09-14,169777000
2012-09-17,119427800
2012-09-18,98326600
2012-09-19,128318300
2012-09-20,154009800
2012-09-21,108737500
2012-09-24,95682000
2012-09-25,133165200
2012-09-26,146502200
2012-09-27,111830300
2012-09-28,150696100
2012-10-01,135911200
2012-10-02,113422200
2012-10-03,121283100
2012-10-04,124311600
2012-10-05,124842100
2012-10-08,78415400
2012-10-09,148872900
2012-10-10,124247500
2012-10-11,123601500
2012-10-12,124181900
2012-10-15,107689100
2012-10-16,108815500
2012-10-17,128834100
2012-10-18,148108500
2012-10-19,185645200
2012-10-22,125578600
2012-10-23,192056300
2012-10-24,120179400
2012-10-25,134457400
2012-10-26,146023500
2012-10-31,103438500
2012-11-01,100995600
2012-11-02,137702200
2012-11-05,98378500
2012-11-06,107068100
2012-11-07,264304500
2012-11-08,181517300
2012-11-09,201055300
2012-11-12,97677500
2012-11-13,123018300
2012-11-14,191505000
2012-11-15,178128400
2012-11-16,239483900
2012-11-19,151495800
2012-11-20,119807400
2012-11-21,81710800
2012-11-23,65409200
2012-11-26,100124400
2012-11-27,128646200
2012-11-28,177086500
2012-11-29,151085900
2012-11-30,136568300
2012-12-03,124656300
2012-12-04,127512200
2012-12-05,147300500
2012-12-06,103220600
2012-12-07,108726400
2012-12-10,98840700
2012-12-11,152570400
2012-12-12,145880100
2012-12-13,135715000
2012-12-14,137701700
2012-12-17,143238200
2012-12-18,177762800
2012-12-19,150895400
2012-12-20,168487000
2012-12-21,245883800
2012-12-24,53874600
2012-12-26,106947700
2012-12-27,167920600
2012-12-28,148806700
2012-12-31,243935200
2013-01-02,192059000
2013-01-03,144761800
2013-01-04,116817700
2013-01-07,110002500
2013-01-08,121265100
2013-01-09,90745600
2013-01-10,130735400
2013-01-11,113917300
2013-01-14,89567200
2013-01-15,93172600
2013-01-16,104849500
2013-01-17,133833500
2013-01-18,169906000
2013-01-22,111797300
2013-01-23,104596100
2013-01-24,146426400
2013-01-25,147211600
2013-01-28,113357700
2013-01-29,105694400
2013-01-30,137447700
2013-01-31,108975800
2013-02-01,131173000
2013-02-04,159073600
2013-02-05,113912400
2013-02-06,138762800
2013-02-07,162490000
2013-02-08,103133700
2013-02-11,73775000
2013-02-12,65392700
2013-02-13,82322600
2013-02-14,80834300
2013-02-15,215226500
2013-02-19,95105400
2013-02-20,160574800
2013-02-21,183257000
2013-02-22,106356600
2013-02-25,245824800
2013-02-26,186596200
2013-02-27,150781900
2013-02-28,126866000
2013-03-01,170634800
2013-03-04,99010200
2013-03-05,121431900
2013-03-06,94469900
2013-03-07,86101400
2013-03-08,123477800
2013-03-11,83746800
2013-03-12,105755800
2013-03-13,92550900
2013-03-14,126329900
2013-03-15,138601100
2013-03-18,126704300
2013-03-19,167567300
2013-03-20,113759300
2013-03-21,128605000
2013-03-22,111163600
2013-03-25,151322300
2013-03-26,86856600
2013-03-27,99950600
2013-03-28,102932800
2013-04-01,99194100
2013-04-02,101504300
2013-04-03,154167400
2013-04-04,131885000
2013-04-05,159666000
2013-04-08,86571200
2013-04-09,101922200
2013-04-10,135711100
2013-04-11,110142500
2013-04-12,116359900
2013-04-15,217259000
2013-04-16,147507800
2013-04-17,226834800
2013-04-18,167583200
2013-04-19,149687600
2013-04-22,106553500
2013-04-23,166141300
2013-04-24,96781200
2013-04-25,131060600
2013-04-26,95918800
2013-04-29,88572800
2013-04-30,116010700
2013-05-01,138874200
2013-05-02,96407600
2013-05-03,144202300
2013-05-06,66882100
2013-05-07,90359200
2013-05-08,97419200
2013-05-09,106738600
2013-05-10,103203000
2013-05-13,81843200
2013-05-14,119000900
2013-05-15,120718500
2013-05-16,109913600
2013-05-17,129801000
2013-05-20,85071200
2013-05-21,95804200
2013-05-22,244031800
2013-05-23,211064400
2013-05-24,151573900
2013-05-28,143679800
2013-05-29,160363400
2013-05-30,107793800
2013-05-31,176850100
2013-06-03,168390700
2013-06-04,157631500
2013-06-05,211737800
2013-06-06,200225500
2013-06-07,188337800
2013-06-10,105667100
2013-06-11,159505400
2013-06-12,177361500
2013-06-13,163587800
2013-06-14,141197500
2013-06-17,136295600
2013-06-18,114695600
2013-06-19,206149500
2013-06-20,321255900
2013-06-21,271956800
2013-06-24,222329000
2013-06-25,162262200
2013-06-26,134848000
2013-06-27,129483700
2013-06-28,160402900
2013-07-01,131954800
2013-07-02,154863700
2013-07-03,75216400
2013-07-05,122416900
2013-07-08,108092500
2013-07-09,119298000
2013-07-10,121410100
2013-07-11,135592200
2013-07-12,104212700
2013-07-15,69450600
2013-07-16,88702100
2013-07-17,92873900
2013-07-18,103620100
2013-07-19,103831700
2013-07-22,79428600
2013-07-23,80829700
2013-07-24,112914000
2013-07-25,111088600
2013-07-26,107814600
2013-07-29,79695000
2013-07-30,85209600
2013-07-31,142388700
2013-08-01,110438400
2013-08-02,91116700
2013-08-05,54072700
2013-08-06,87495000
2013-08-07,84854700
2013-08-08,102181300
2013-08-09,91757700
2013-08-12,68593300
2013-08-13,80806000
2013-08-14,79829200
2013-08-15,152931800
2013-08-16,130868200
2013-08-19,96437600
2013-08-20,89294400
2013-08-21,159530500
2013-08-22,101471400
2013-08-23,90888900
2013-08-26,89702100
2013-08-27,158619400
2013-08-28,108113000
2013-08-29,119200500
2013-08-30,134928900
2013-09-03,142375100
2013-09-04,97389400
2013-09-05,63090500
2013-09-06,159756500
2013-09-09,87559300
2013-09-10,105847200
2013-09-11,94545900
2013-09-12,83209000
2013-09-13,72727800
2013-09-16,106299200
2013-09-17,82523300
2013-09-18,203460600
2013-09-19,146616900
2013-09-20,132867100
2013-09-23,104616500
2013-09-24,106333100
2013-09-25,117306500
2013-09-26,77146900
2013-09-27,99141800
2013-09-30,143937000
2013-10-01,127160000
2013-10-02,113350000
2013-10-03,176698000
2013-10-04,96878000
2013-10-07,96295000
2013-10-08,178015000
2013-10-09,168973000
2013-10-10,195955000
2013-10-11,105040000
2013-10-14,112106000
2013-10-15,155485000
2013-10-16,161676000
2013-10-17,129389000
2013-10-18,138316000
2013-10-21,104104000
2013-10-22,126663000
2013-10-23,105484000
2013-10-24,70350000
2013-10-25,93625000
2013-10-28,84979000
2013-10-29,87401000
2013-10-30,140002000
2013-10-31,133795000
2013-11-01,142805000
2013-11-04,85677000
2013-11-05,85825000
2013-11-06,87348000
2013-11-07,157000000
2013-11-08,136713000
2013-11-11,62614000
2013-11-12,83990000
2013-11-13,103844000
2013-11-14,103435000
2013-11-15,102818000
2013-11-18,104796000
2013-11-19,93891000
2013-11-20,124909000
2013-11-21,92841000
2013-11-22,81296000
2013-11-25,79486000
2013-11-26,86994000
2013-11-27,58800000
2013-11-29,55870900
2013-12-02,99726000
2013-12-03,116563000
2013-12-04,123033000
2013-12-05,106934000
2013-12-06,127728000
2013-12-09,70124000
2013-12-10,80976000
2013-12-11,130591000
2013-12-12,115565000
2013-12-13,107808000
2013-12-16,96195000
2013-12-17,89886000
2013-12-18,234906000
2013-12-19,136531200
2013-12-20,197087000
2013-12-23,85598000
2013-12-24,45368800
2013-12-26,63365000
2013-12-27,61814000
2013-12-30,56857000
2013-12-31,86119900
2014-01-02,119636900
2014-01-03,81390600
2014-01-06,108028200
2014-01-07,86144200
2014-01-08,96582300
2014-01-09,90683400
2014-01-10,102026400
2014-01-13,149892000
2014-01-14,105016100
2014-01-15,98525800
2014-01-16,72290600
2014-01-17,107848700
2014-01-21,88621200
2014-01-22,61270900
2014-01-23,132496900
2014-01-24,208677100
2014-01-27,180843100
2014-01-28,110463200
2014-01-29,216597300
2014-01-30,118938100
2014-01-31,194677900
2014-02-03,254837100
2014-02-04,165012400
2014-02-05,164230500
2014-02-06,132877600
2014-02-07,170787200
2014-02-10,92218800
2014-02-11,117814100
2014-02-12,94717700
2014-02-13,100542200
2014-02-14,96498400
2014-02-18,80460900
2014-02-19,126524300
2014-02-20,104998100
2014-02-21,118116400
2014-02-24,114063900
2014-02-25,117085000
2014-02-26,98677200
2014-02-27,93880800
2014-02-28,150842000
2014-03-03,167748500
2014-03-04,167545900
2014-03-05,88376900
2014-03-06,82516500
2014-03-07,114513500
2014-03-10,74939200
2014-03-11,99009100
2014-03-12,104824400
2014-03-13,155014300
2014-03-14,153919600
2014-03-17,98359500
2014-03-18,101804600
2014-03-19,176267300
2014-03-20,117241000
2014-03-21,163128000
2014-03-24,121411000
2014-03-25,103852000
2014-03-26,119843000
2014-03-27,142383000
2014-03-28,101642000
2014-03-31,99745000
2014-04-01,89193000
2014-04-02,78774000
2014-04-03,77435000
2014-04-04,169381000
2014-04-07,140803000
2014-04-08,112660000
2014-04-09,100254000
2014-04-10,172959000
2014-04-11,167251000
2014-04-14,132382000
2014-04-15,157093000
2014-04-16,105197000
2014-04-17,105255000
2014-04-21,68329000
2014-04-22,85790000
2014-04-23,73869000
2014-04-24,88170000
2014-04-25,100380000
2014-04-28,135121000
2014-04-29,84098000
2014-04-30,101508000
2014-05-01,93019000
2014-05-02,98122000
2014-05-05,75883000
2014-05-06,85454000
2014-05-07,106500000
2014-05-08,93618000
2014-05-09,83679000
2014-05-12,86940000
2014-05-13,66454000
2014-05-14,72367000
2014-05-15,154956000
2014-05-16,97458000
2014-05-19,63839000
2014-05-20,111644000
2014-05-21,89093000
2014-05-22,61549000
2014-05-23,61092800
2014-05-27,72010000
2014-05-28,66723000
2014-05-29,64377000
2014-05-30,76316000
2014-06-02,64656000
2014-06-03,65047000
2014-06-04,55529000
2014-06-05,92103000
2014-06-06,78696000
2014-06-09,65119000
2014-06-10,57129000
2014-06-11,68772000
2014-06-12,106350000
2014-06-13,82017000
2014-06-16,87424000
2014-06-17,84834000
2014-06-18,105267000
2014-06-19,85929000
2014-06-20,100587000
2014-06-23,70611000
2014-06-24,96237000
2014-06-25,82782000
2014-06-26,84312000
2014-06-27,71445100
2014-06-30,70201200
2014-07-01,90470000
2014-07-02,52475000
2014-07-03,52938800
2014-07-07,61696000
2014-07-08,108143000
2014-07-09,72992000
2014-07-10,99040000
2014-07-11,64243000
2014-07-14,58658000
2014-07-15,111307000
2014-07-16,79986400
2014-07-17,145398000
2014-07-18,124330000
2014-07-21,67592000
2014-07-22,67678000
2014-07-23,65612000
2014-07-24,56888000
2014-07-25,76837000
2014-07-28,69259000
2014-07-29,80466000
2014-07-30,104222000
2014-07-31,183479000
2014-08-01,189261000
2014-08-04,91340000
2014-08-05,152690000
2014-08-06,94818000
2014-08-07,135733000
2014-08-08,117014000
2014-08-11,74544000
2014-08-12,73632000
2014-08-13,69047000
2014-08-14,57371000
2014-08-15,139951000
2014-08-18,75424000
2014-08-19,59135000
2014-08-20,72763000
2014-08-21,67791000
2014-08-22,76107000
2014-08-25,63855000
2014-08-26,47298000
2014-08-27,47874000
2014-08-28,58330000
2014-08-29,65907000
2014-09-02,72426000
2014-09-03,57462000
2014-09-04,85236000
2014-09-05,102177000
2014-09-08,64146000
2014-09-09,88591000
2014-09-10,67251000
2014-09-11,66774400
2014-09-12,117409300
2014-09-15,76401000
2014-09-16,116201000
2014-09-17,151266000
2014-09-18,94990000
2014-09-19,121649000
2014-09-22,125553000
2014-09-23,111393000
2014-09-24,107276000
2014-09-25,150300000
2014-09-26,103547000
2014-09-29,95112000
2014-09-30,131302000
2014-10-01,177798000
2014-10-02,157285000
2014-10-03,121569000
2014-10-06,104778000
2014-10-07,147913000
2014-10-08,186461000
2014-10-09,210705000
2014-10-10,221909000
2014-10-13,230939000
2014-10-14,215847000
2014-10-15,380715000
2014-10-16,270391000
2014-10-17,214625000
2014-10-20,130011000
2014-10-21,154949000
2014-10-22,151822000
2014-10-23,154944000
2014-10-24,117927000
2014-10-27,82954000
2014-10-28,106736000
2014-10-29,142557000
2014-10-30,113330000
2014-10-31,146903000
2014-11-03,93600000
2014-11-04,93343000
2014-11-05,91709000
2014-11-06,107089000
2014-11-07,89540000
2014-11-10,66319000
2014-11-11,54499400
2014-11-12,90120300
2014-11-13,85357900
2014-11-14,80417500
2014-11-17,80441000
2014-11-18,76068100
2014-11-19,82373000
2014-11-20,72840300
2014-11-21,142327300
2014-11-24,65880800
2014-11-25,79108300
2014-11-26,62167800
2014-11-28,57890100
2014-12-01,103968400
2014-12-02,74507200
2014-12-03,68952000
2014-12-04,91316600
2014-12-05,91025500
2014-12-08,108588200
2014-12-09,125180100
2014-12-10,159856400
2014-12-11,159012800
2014-12-12,202330200
2014-12-15,189965800
2014-12-16,259543800
2014-12-17,253910100
2014-12-18,257633900
2014-12-19,245084600
2014-12-22,148318900
2014-12-23,122167900
2014-12-24,42963400
2014-12-26,57326700
2014-12-29,79643900
2014-12-30,73540800
2014-12-31,130333800
2015-01-02,121465900
2015-01-05,169632600
2015-01-06,209151400
2015-01-07,125346700
2015-01-08,147217800
2015-01-09,150812300
2015-01-12,144396100
2015-01-13,214553300
2015-01-14,192991100
2015-01-15,176613900
2015-01-16,211879600
2015-01-20,129466200
2015-01-21,122942700
2015-01-22,174356000
2015-01-23,115637000
2015-01-26,92009700
2015-01-27,134044600
2015-01-28,168514300
2015-01-29,173585400
2015-01-30,197729700
2015-02-02,163107000
2015-02-03,122416200
2015-02-04,134306700
2015-02-05,97953200
2015-02-06,119694900
2015-02-09,87219000
2015-02-10,96164200
2015-02-11,91087800
2015-02-12,97545900
2015-02-13,93670400
2015-02-17,76968200
2015-02-18,74848400
2015-02-19,91462500
2015-02-20,140896400
2015-02-23,74411100
2015-02-24,70943200
2015-02-25,73061700
2015-02-26,72697900
2015-02-27,108076000
2015-03-02,87491400
2015-03-03,110325800
2015-03-04,105665800
2015-03-05,76873000
2015-03-06,188128000
2015-03-09,89818900
2015-03-10,153901500
2015-03-11,110145700
2015-03-12,93993500
2015-03-13,162410900
2015-03-16,136099200
2015-03-17,91167100
2015-03-18,220171200
2015-03-19,117917300
2015-03-20,177715100
2015-03-23,71310300
2015-03-24,77805300
2015-03-25,159521700
2015-03-26,153067200
2015-03-27,109352100
2015-03-30,96180400
2015-03-31,126768700
2015-04-01,132644700
2015-04-02,86900900
2015-04-06,114368200
2015-04-07,81236300
2015-04-08,89351900
2015-04-09,85548900
2015-04-10,72722900
2015-04-13,74436600
2015-04-14,73013500
2015-04-15,99529300
2015-04-16,68934900
2015-04-17,191113200
2015-04-20,82969100
2015-04-21,72559800
2015-04-22,78264600
2015-04-23,102585900
2015-04-24,61327400
2015-04-27,79358100
2015-04-28,86863500
2015-04-29,125684900
2015-04-30,161304900
2015-05-01,103399700
2015-05-04,70927200
2015-05-05,113326200
2015-05-06,135060200
2015-05-07,88244900
2015-05-08,155877300
2015-05-11,75708100
2015-05-12,119727600
2015-05-13,94667900
2015-05-14,95934000
2015-05-15,76510100
2015-05-18,72785600
2015-05-19,72114600
2015-05-20,76857500
2015-05-21,64764600
2015-05-22,57433500
2015-05-26,124308600
2015-05-27,93214000
2015-05-28,74974600
2015-05-29,111964800
2015-06-01,93338800
2015-06-02,89527800
2015-06-03,87820900
2015-06-04,151882800
2015-06-05,121704700
2015-06-08,85339800
2015-06-09,105034700
2015-06-10,134551300
2015-06-11,73876400
2015-06-12,135382400
2015-06-15,124384200
2015-06-16,85308200
2015-06-17,126708600
2015-06-18,165867900
2015-06-19,130478700
2015-06-22,70696000
2015-06-23,68476800
2015-06-24,92307300
2015-06-25,97107400
2015-06-26,104174800
2015-06-29,202621300
2015-06-30,182925100
2015-07-01,135979900
2015-07-02,104373700
2015-07-06,117975400
2015-07-07,173820200
2015-07-08,164020100
2015-07-09,144113100
2015-07-10,129456900
2015-07-13,106069400
2015-07-14,81709600
2015-07-15,97914100
2015-07-16,106683300
2015-07-17,89030000
2015-07-20,65523100
2015-07-21,77965000
2015-07-22,88667900
2015-07-23,90509100
2015-07-24,117755000
2015-07-27,132361100
2015-07-28,123544800
2015-07-29,105791300
2015-07-30,91304400
2015-07-31,103266900
2015-08-03,113965700
2015-08-04,81820800
2015-08-05,85786800
2015-08-06,116030800
2015-08-07,117858000
2015-08-10,80270700
2015-08-11,117481700
2015-08-12,172123700
2015-08-13,89383300
2015-08-14,69387000
2015-08-17,79072600
2015-08-18,71692700
2015-08-19,172946000
2015-08-20,194327900
2015-08-21,346588500
2015-08-24,507244300
2015-08-25,369833100
2015-08-26,339257000
2015-08-27,274143900
2015-08-28,160414400
2015-08-31,154471400
2015-09-01,256000400
2015-09-02,160269300
2015-09-03,152087800
2015-09-04,207081000
2015-09-08,116025700
2015-09-09,140901400
2015-09-10,158611100
2015-09-11,119691200
2015-09-14,79452000
2015-09-15,108455800
2015-09-16,99581600
2015-09-17,276046600
2015-09-18,213315400
2015-09-21,105726200
2015-09-22,153890900
2015-09-23,92790600
2015-09-24,159378800
2015-09-25,155054800
2015-09-28,178515900
2015-09-29,159045600
2015-09-30,152593200
2015-10-01,131079000
2015-10-02,211003300
2015-10-05,126320800
2015-10-06,110274500
2015-10-07,124307300
2015-10-08,153055200
2015-10-09,107069200
2015-10-12,56395600
2015-10-13,88038700
2015-10-14,99106200
2015-10-15,134142200
2015-10-16,114580100
2015-10-19,76523900
2015-10-20,78448500
2015-10-21,102038000
2015-10-22,174911700
2015-10-23,144442300
2015-10-26,69033000
2015-10-27,77905800
2015-10-28,135906700
2015-10-29,84727800
2015-10-30,131076900
2015-11-02,86270800
2015-11-03,95246100
2015-11-04,90967700
2015-11-05,78408700
2015-11-06,110471500
2015-11-09,131008700
2015-11-10,75874600
2015-11-11,67846000
2015-11-12,121315200
2015-11-13,153577100
2015-11-16,117645200
2015-11-17,121123700
2015-11-18,121342500
2015-11-19,88220500
2015-11-20,94011500
2015-11-23,64931200
2015-11-24,98874400
2015-11-25,51980100
2015-11-27,37317800
2015-11-30,112822700
2015-12-01,97858400
2015-12-02,108441300
2015-12-03,166224200
2015-12-04,192913900
2015-12-07,102027100
2015-12-08,103372400
2015-12-09,162401500
2015-12-10,115196800
2015-12-11,211173300
2015-12-14,176235400
2015-12-15,154069600
2015-12-16,197017000
2015-12-17,173092500
2015-12-18,251393500
2015-12-21,99094300
2015-12-22,103602200
2015-12-23,110987200
2015-12-24,48542200
2015-12-28,64967100
2015-12-29,92640700
2015-12-30,63317700
2015-12-31,114877900
2016-01-04,222353500
2016-01-05,110845800
2016-01-06,152112600
2016-01-07,213436100
2016-01-08,209817200
2016-01-11,185113200
2016-01-12,172330500
2016-01-13,221168900
2016-01-14,240795600
2016-01-15,324846400
2016-01-19,195244400
2016-01-20,286547800
2016-01-21,195772900
2016-01-22,168319600
2016-01-25,130371700
2016-01-26,137269900
2016-01-27,185681700
2016-01-28,143798800
2016-01-29,210529300
2016-02-01,136061600
2016-02-02,182564900
2016-02-03,205054900
2016-02-04,136318100
2016-02-05,180788300
2016-02-08,191526700
2016-02-09,176478700
2016-02-10,148214100
2016-02-11,219058900
2016-02-12,127632400
2016-02-16,120250700
2016-02-17,136009500
2016-02-18,102343000
2016-02-19,114793000
2016-02-22,103640300
2016-02-23,111455300
2016-02-24,150812200
2016-02-25,107512400
2016-02-26,129833700
2016-02-29,125918100
2016-03-01,141799700
2016-03-02,102415000
2016-03-03,94146200
2016-03-04,129293600
2016-03-07,100219000
2016-03-08,123974900
2016-03-09,94801200
2016-03-10,153608200
2016-03-11,137964500
2016-03-14,73612000
2016-03-15,93169100
2016-03-16,129303200
2016-03-17,134278500
2016-03-18,138372400
2016-03-21,72926700
2016-03-22,97471900
2016-03-23,81052500
2016-03-24,84360900
2016-03-28,62408200
2016-03-29,90418600
2016-03-30,86365300
2016-03-31,94584100
2016-04-01,114423500
2016-04-04,63497000
2016-04-05,99662200
2016-04-06,89889800
2016-04-07,113859000
2016-04-08,95040600
2016-04-11,83757500
2016-04-12,110162100
2016-04-13,96336400
2016-04-14,60422700
2016-04-15,75761600
2016-04-18,75277700
2016-04-19,88316100
2016-04-20,81100300
2016-04-21,85695000
2016-04-22,99251700
2016-04-25,66166500
2016-04-26,75864200
2016-04-27,77329400
2016-04-28,97216200
2016-04-29,142424100
2016-05-02,62188000
2016-05-03,106422100
2016-05-04,92243800
2016-05-05,67619200
2016-05-06,89315000
2016-05-09,74374900
2016-05-10,74236100
2016-05-11,81727000
2016-05-12,89586300
2016-05-13,96474600
2016-05-16,77486800
2016-05-17,114924900
2016-05-18,123493400
2016-05-19,115430500
2016-05-20,104990400
2016-05-23,58117700
2016-05-24,93537800
2016-05-25,76621400
2016-05-26,53087800
2016-05-27,64211200
2016-05-31,109879400
2016-06-01,69936200
2016-06-02,60661400
2016-06-03,101757100
2016-06-06,64887000
2016-06-07,60974800
2016-06-08,66170900
2016-06-09,73786900
2016-06-10,113829200
2016-06-13,117751200
2016-06-14,125059300
2016-06-15,109124500
2016-06-16,149533100
2016-06-17,117055700
2016-06-20,82789600
2016-06-21,72461700
2016-06-22,95560500
2016-06-23,102731400
2016-06-24,333444400
2016-06-27,230775800
2016-06-28,159382400
2016-06-29,137328600
2016-06-30,165021900
2016-07-01,106055300
2016-07-05,109803700
2016-07-06,96021500
2016-07-07,81705800
2016-07-08,133971000
2016-07-11,73633900
2016-07-12,101275600
2016-07-13,87324100
2016-07-14,91230900
2016-07-15,107155400
2016-07-18,58725900
2016-07-19,54345700
2016-07-20,58159500
2016-07-21,67777300
2016-07-22,62787500
2016-07-25,55873100
2016-07-26,70080500
2016-07-27,80870400
2016-07-28,65035700
2016-07-29,79519400
2016-08-01,73311400
2016-08-02,92295500
2016-08-03,53993600
2016-08-04,44476100
2016-08-05,71892200
2016-08-08,39906500
2016-08-09,51251700
2016-08-10,57941100
2016-08-11,68960100
2016-08-12,61313500
2016-08-15,49813500
2016-08-16,53213600
2016-08-17,75134300
2016-08-18,52989300
2016-08-19,75443000
2016-08-22,61368800
2016-08-23,53399200
2016-08-24,71728900
2016-08-25,69224800
2016-08-26,122506300
2016-08-29,68606100
2016-08-30,58114500
2016-08-31,85269500
2016-09-01,97844200
2016-09-02,79293900
2016-09-06,56702100
2016-09-07,76554900
2016-09-08,73011600
2016-09-09,221589100
2016-09-12,168110900
2016-09-13,182828800
2016-09-14,134185500
2016-09-15,134427900
2016-09-16,155236400
2016-09-19,78968600
2016-09-20,69665300
2016-09-21,110284400
2016-09-22,76678700
2016-09-23,73630900
2016-09-26,89827300
2016-09-27,78494800
2016-09-28,87411000
2016-09-29,128070600
2016-09-30,117202900
2016-10-03,83512100
2016-10-04,119948100
2016-10-05,72816000
2016-10-06,62927400
2016-10-07,89788300
2016-10-10,50602600
2016-10-11,130367400
2016-10-12,73866100
2016-10-13,101357000
2016-10-14,93346200
2016-10-17,58275700
2016-10-18,74250300
2016-10-19,66519200
2016-10-20,73639800
2016-10-21,89089100
2016-10-24,60146600
2016-10-25,66542300
2016-10-26,75705500
2016-10-27,77220200
2016-10-28,140623200
2016-10-31,61272500
2016-11-01,122781800
2016-11-02,103330800
2016-11-03,88939300
2016-11-04,109122100
2016-11-07,109794900
2016-11-08,102268300
2016-11-09,258429000
2016-11-10,172113300
2016-11-11,100552700
2016-11-14,91861000
2016-11-15,91652600
2016-11-16,64761400
2016-11-17,69797200
2016-11-18,86265800
2016-11-21,72402600
2016-11-22,67429000
2016-11-23,54690100
2016-11-25,37872300
2016-11-28,76572500
2016-11-29,69886700
2016-11-30,113291800
2016-12-01,79040500
2016-12-02,74840300
2016-12-05,67837800
2016-12-06,59877400
2016-12-07,110738100
2016-12-08,99714400
2016-12-09,88005800
2016-12-12,102016100
2016-12-13,110477500
2016-12-14,142501800
2016-12-15,124972600
2016-12-16,144174300
2016-12-19,90341100
2016-12-20,89838800
2016-12-21,67909000
2016-12-22,56219100
2016-12-23,36251400
2016-12-27,42672500
2016-12-28,64095000
2016-12-29,47719500
2016-12-30,108998300
2017-01-03,91366500
2017-01-04,78744400
2017-01-05,78379000
2017-01-06,71559900
2017-01-09,46265300
2017-01-10,63771900
2017-01-11,74650000
2017-01-12,72113200
2017-01-13,62717900
2017-01-17,59261200
2017-01-18,54793300
2017-01-19,66608800
2017-01-20,129168600
2017-01-23,75061600
2017-01-24,95555300
2017-01-25,84437700
2017-01-26,59970700
2017-01-27,59711100
2017-01-30,79737300
2017-01-31,75880800
2017-02-01,79117700
2017-02-02,69657600
2017-02-03,80563200
2017-02-06,57790100
2017-02-07,57931200
2017-02-08,51566200
2017-02-09,65955200
2017-02-10,66015900
2017-02-13,55182100
2017-02-14,67794500
2017-02-15,86785800
2017-02-16,84722400
2017-02-17,77204100
2017-02-21,88946100
2017-02-22,62115200
2017-02-23,74615900
2017-02-24,82381600
2017-02-27,56515400
2017-02-28,96961900
2017-03-01,149158200
2017-03-02,70246000
2017-03-03,81974300
2017-03-06,55391500
2017-03-07,65103700
2017-03-08,78168800
2017-03-09,90683900
2017-03-10,81991700
2017-03-13,57256800
2017-03-14,59880800
2017-03-15,96081800
2017-03-16,78344000
2017-03-17,89002100
2017-03-20,52537000
2017-03-21,131809300
2017-03-22,97569200
2017-03-23,100410300
2017-03-24,112504900
2017-03-27,87454500
2017-03-28,93483900
2017-03-29,61950400
2017-03-30,56737900
2017-03-31,73733100
2017-04-03,85546500
2017-04-04,56466200
2017-04-05,108800600
2017-04-06,69135800
2017-04-07,74412300
2017-04-10,67615300
2017-04-11,88045300
2017-04-12,81864400
2017-04-13,92880400
2017-04-17,68405400
2017-04-18,83225800
2017-04-19,68699900
2017-04-20,92572200
2017-04-21,110389800
2017-04-24,119209900
2017-04-25,76698300
2017-04-26,84702500
2017-04-27,57410300
2017-04-28,53247400
2017-05-01,66882500
2017-05-02,57375700
2017-05-03,73137700
2017-05-04,61462700
2017-05-05,62001300
2017-05-08,48385700
2017-05-09,51363200
2017-05-10,54293800
2017-05-11,62358300
2017-05-12,53912700
2017-05-15,61918900
2017-05-16,51241800
2017-05-17,172174100
2017-05-18,107047700
2017-05-19,115011400
2017-05-22,61010600
2017-05-23,48341700
2017-05-24,46927700
2017-05-25,64071700
2017-05-26,46629900
2017-05-30,35201900
2017-05-31,91796000
2017-06-01,68962000
2017-06-02,88666100
2017-06-05,44698800
2017-06-06,50375400
2017-06-07,54144300
2017-06-08,63989800
2017-06-09,132256400
2017-06-12,86108100
2017-06-13,60067000
2017-06-14,78602300
2017-06-15,66464900
2017-06-16,84553100
2017-06-19,65123800
2017-06-20,56906400
2017-06-21,55977600
2017-06-22,44148100
2017-06-23,66986800
2017-06-26,56700500
2017-06-27,82247700
2017-06-28,70042600
2017-06-29,106949700
2017-06-30,86820700
2017-07-03,39153800
2017-07-05,54427600
2017-07-06,65400800
2017-07-07,57972300
2017-07-10,36663300
2017-07-11,50354600
2017-07-12,59610400
2017-07-13,39471600
2017-07-14,60262700
2017-07-17,33531900
2017-07-18,42742500
2017-07-19,51034300
2017-07-20,47135200
2017-07-21,82340800
2017-07-24,46622300
2017-07-25,54915600
2017-07-26,47575400
2017-07-27,70766600
2017-07-28,50088400
2017-07-31,65838700
2017-08-01,55050400
2017-08-02,47211200
2017-08-03,40856000
2017-08-04,60191800
2017-08-07,31995000
2017-08-08,61719400
2017-08-09,62632600
2017-08-10,120479500
2017-08-11,74869900
2017-08-14,72139000
2017-08-15,55242700
2017-08-16,56715500
2017-08-17,128490400
2017-08-18,136748000
2017-08-21,65469700
2017-08-22,63140100
2017-08-23,50203800
2017-08-24,49730500
2017-08-25,64445900
2017-08-28,40565600
2017-08-29,51135700
2017-08-30,62030800
2017-08-31,103803900
2017-09-01,62007000
2017-09-05,91398800
2017-09-06,57916900
2017-09-07,58034700
2017-09-08,63832800
2017-09-11,71364800
2017-09-12,56896000
2017-09-13,59228000
2017-09-14,95446300
2017-09-15,95432400
2017-09-18,46235200
2017-09-19,47108100
2017-09-20,59574100
2017-09-21,48211400
2017-09-22,51214000
2017-09-25,57064400
2017-09-26,54082000
2017-09-27,81001400
2017-09-28,44778800
2017-09-29,85578000
2017-10-02,59023000
2017-10-03,66810200
2017-10-04,55953600
2017-10-05,63522800
2017-10-06,80646000
2017-10-09,35803100
2017-10-10,43057400
2017-10-11,47674300
2017-10-12,47065100
2017-10-13,54800400
2017-10-16,38221700
2017-10-17,31561000
2017-10-18,40888300
2017-10-19,61903800
2017-10-20,89176400
2017-10-23,63915300
2017-10-24,66935900
2017-10-25,103715300
2017-10-26,69798000
2017-10-27,85562500
2017-10-30,54285700
2017-10-31,60304800
2017-11-01,54202700
2017-11-02,56449500
2017-11-03,59589700
2017-11-06,49652600
2017-11-07,57502200
2017-11-08,50469600
2017-11-09,95085500
2017-11-10,59984700
2017-11-13,50228600
2017-11-14,61315200
2017-11-15,80811500
2017-11-16,67777000
2017-11-17,75756800
2017-11-20,48075500
2017-11-21,69176800
2017-11-22,45033400
2017-11-24,27856500
2017-11-27,52274900
2017-11-28,98971700
2017-11-29,77512100
2017-11-30,127894400
2017-12-01,164390900
2017-12-04,94040600
2017-12-05,77994500
2017-12-06,75898600
2017-12-07,77218600
2017-12-08,76563900
2017-12-11,83077500
2017-12-12,85195800
2017-12-13,102905400
2017-12-14,100666700
2017-12-15,144610300
2017-12-18,83653600
2017-12-19,82382900
2017-12-20,76751500
2017-12-21,67032300
2017-12-22,78720900
2017-12-26,45244400
2017-12-27,57751000
2017-12-28,45116100
2017-12-29,96007400
2018-01-02,86655700
2018-01-03,90070400
2018-01-04,80636400
2018-01-05,83524000
2018-01-08,57319200
2018-01-09,57254000
2018-01-10,69574300
2018-01-11,62361500
2018-01-12,90816100
2018-01-16,106555100
2018-01-17,109354500
2018-01-18,100728000
2018-01-19,140920100
2018-01-22,91322400
2018-01-23,97084700
2018-01-24,134816100
2018-01-25,84587300
2018-01-26,107743100
2018-01-29,90118300
2018-01-30,131796400
2018-01-31,108364800
2018-02-01,90102500
2018-02-02,173174800
2018-02-05,294681800
2018-02-06,355026800
2018-02-07,167376100
2018-02-08,246449500
2018-02-09,283565300
2018-02-12,143736000
2018-02-13,81223600
2018-02-14,120735700
2018-02-15,111200300
2018-02-16,160420100
2018-02-20,86369700
2018-02-21,98883700
2018-02-22,110511300
2018-02-23,92766400
2018-02-26,86491400
2018-02-27,99099200
2018-02-28,121907800
2018-03-01,176855100
2018-03-02,139083200
2018-03-05,97307400
2018-03-06,79213200
2018-03-07,87063500
2018-03-08,66901200
2018-03-09,113625300
2018-03-12,71924800
2018-03-13,91968900
2018-03-14,105895100
2018-03-15,83433000
2018-03-16,100343700
2018-03-19,109208400
2018-03-20,59757300
2018-03-21,78709600
2018-03-22,148785900
2018-03-23,183534800
2018-03-26,141956100
2018-03-27,129941400
2018-03-28,146452300
2018-03-29,111601600
2018-04-02,186286300
2018-04-03,119956900
2018-04-04,123715300
2018-04-05,82652600
2018-04-06,179521200
2018-04-09,105442900
2018-04-10,103529000
2018-04-11,91140200
2018-04-12,68890500
2018-04-13,85079200
2018-04-16,63405300
2018-04-17,64682000
2018-04-18,57303900
2018-04-19,77655900
2018-04-20,99953100
2018-04-23,65558000
2018-04-24,112885500
2018-04-25,103840900
2018-04-26,67731900
2018-04-27,57053600
2018-04-30,82182300
2018-05-01,74203400
2018-05-02,86368900
2018-05-03,136311500
2018-05-04,91222100
2018-05-07,55304900
2018-05-08,67499200
2018-05-09,59666100
2018-05-10,72063900
2018-05-11,59871500
2018-05-14,54790600
2018-05-15,87036100
2018-05-16,53942600
2018-05-17,56536400
2018-05-18,64368000
2018-05-21,58025900
2018-05-22,52966400
2018-05-23,61021700
2018-05-24,74295200
2018-05-25,56374800
2018-05-29,114128800
2018-05-30,69678400
2018-05-31,93519900
